{
    "id": 114,
    "events": "[]",
    "timestamp_offset": 339.68924,
    "duration": 3.0051399999998973
}