{
    "id": 117,
    "events": "[]",
    "timestamp_offset": 348.74967999999996,
    "duration": 3.018935000000056
}