{
    "id": 132,
    "events": "[]",
    "timestamp_offset": 393.8509650000001,
    "duration": 3.005094999999972
}