{
    "id": 141,
    "events": "[]",
    "timestamp_offset": 420.90983000000006,
    "duration": 3.007094999999972
}