{
    "id": 146,
    "events": "[]",
    "timestamp_offset": 435.9428149999997,
    "duration": 3.005590000000317
}