{
    "id": 162,
    "events": "[]",
    "timestamp_offset": 484.0388400000001,
    "duration": 3.0065449999996927
}