{
    "id": 17,
    "events": "[]",
    "timestamp_offset": 48.10627500000014,
    "duration": 3.0087499999997673
}