{
    "id": 18,
    "events": "[]",
    "timestamp_offset": 51.1150249999999,
    "duration": 3.0048250000001864
}