{
    "id": 208,
    "events": "[]",
    "timestamp_offset": 622.3152599999997,
    "duration": 3.005094999999972
}