{
    "id": 226,
    "events": "[]",
    "timestamp_offset": 676.4149849999999,
    "duration": 3.007094999999972
}