{
    "id": 245,
    "events": "[]",
    "timestamp_offset": 733.5298199999996,
    "duration": 3.006080000000307
}