{
    "id": 247,
    "events": "[]",
    "timestamp_offset": 739.54156,
    "duration": 3.0055349999996834
}