{
    "id": 268,
    "events": "[]",
    "timestamp_offset": 802.66201,
    "duration": 3.005094999999972
}