{
    "id": 269,
    "events": "[]",
    "timestamp_offset": 805.667105,
    "duration": 3.0051349999997763
}