{
    "id": 273,
    "events": "[]",
    "timestamp_offset": 817.6904399999997,
    "duration": 3.00719000000041
}