{
    "id": 274,
    "events": "[]",
    "timestamp_offset": 820.6976300000001,
    "duration": 3.0050549999994693
}