{
    "id": 275,
    "events": "[]",
    "timestamp_offset": 823.7026849999996,
    "duration": 3.0051050000002144
}