{
    "id": 277,
    "events": "[{\"type\":\"stdin\",\"target\":\"Main player:tab[1]\",\"data\":\"Bw==\",\"delta_time\":829.8238249999999}]",
    "timestamp_offset": 829.7147349999999,
    "duration": 3.005239999999991
}