{
    "id": 278,
    "events": "[]",
    "timestamp_offset": 832.7199749999999,
    "duration": 3.0061000000000933
}