{
    "id": 279,
    "events": "[]",
    "timestamp_offset": 835.7260749999999,
    "duration": 3.0058549999999813
}