{
    "id": 280,
    "events": "[]",
    "timestamp_offset": 838.7319299999999,
    "duration": 3.0063149999999443
}