{
    "id": 281,
    "events": "[]",
    "timestamp_offset": 841.7382449999999,
    "duration": 3.003180000000168
}