{
    "id": 282,
    "events": "[]",
    "timestamp_offset": 844.741425,
    "duration": 3.0060349999999163
}