{
    "id": 283,
    "events": "[]",
    "timestamp_offset": 847.7474599999999,
    "duration": 3.006094999999739
}