{
    "id": 284,
    "events": "[]",
    "timestamp_offset": 850.7535549999997,
    "duration": 3.0070900000000838
}