{
    "id": 291,
    "events": "[]",
    "timestamp_offset": 871.80022,
    "duration": 3.006084999999963
}