{
    "id": 292,
    "events": "[]",
    "timestamp_offset": 874.806305,
    "duration": 3.0031100000001025
}