{
    "id": 298,
    "events": "[]",
    "timestamp_offset": 892.8409000000001,
    "duration": 3.005089999999618
}