{
    "id": 36,
    "events": "[{\"type\":\"stdin\",\"target\":\"Main player:tab[1]\",\"data\":\"G1syMzsxSBtbSxtbMTA7OEg=\",\"delta_time\":107.59769499999983}]",
    "timestamp_offset": 105.22975999999954,
    "duration": 3.00554000000027
}