{
    "id": 38,
    "events": "[]",
    "timestamp_offset": 111.24094000000018,
    "duration": 3.0051049999997486
}