{
    "id": 40,
    "events": "[]",
    "timestamp_offset": 117.25260499999999,
    "duration": 3.005624999999767
}