{
    "id": 58,
    "events": "[]",
    "timestamp_offset": 171.35786999999965,
    "duration": 3.006095000000205
}