{
    "id": 8,
    "events": "[]",
    "timestamp_offset": 21.039064999999944,
    "duration": 3.006095000000205
}