{
    "id": 84,
    "events": "[]",
    "timestamp_offset": 249.51334499999973,
    "duration": 3.0061100000003353
}