{
    "id": 10,
    "events": "[]",
    "timestamp_offset": 27.028780000000552,
    "duration": 3.0021300000007614
}