{
    "id": 100,
    "events": "[]",
    "timestamp_offset": 297.4306050000014,
    "duration": 3.0033649999968475
}