{
    "id": 101,
    "events": "[]",
    "timestamp_offset": 300.4339699999982,
    "duration": 3.0031900000030873
}