{
    "id": 102,
    "events": "[]",
    "timestamp_offset": 303.4371600000013,
    "duration": 3.0027849999969476
}