{
    "id": 103,
    "events": "[]",
    "timestamp_offset": 306.43994499999826,
    "duration": 3.0043950000035693
}