{
    "id": 104,
    "events": "[]",
    "timestamp_offset": 309.44434000000183,
    "duration": 3.003310000000056
}