{
    "id": 105,
    "events": "[]",
    "timestamp_offset": 312.4476500000019,
    "duration": 3.0039550000001327
}