{
    "id": 106,
    "events": "[]",
    "timestamp_offset": 315.451605000002,
    "duration": 3.003149999996822
}