{
    "id": 107,
    "events": "[]",
    "timestamp_offset": 318.45475499999884,
    "duration": 3.003069999998843
}