{
    "id": 108,
    "events": "[]",
    "timestamp_offset": 321.4578249999977,
    "duration": 3.0031550000057905
}