{
    "id": 109,
    "events": "[]",
    "timestamp_offset": 324.4609800000035,
    "duration": 3.0027749999935622
}