{
    "id": 11,
    "events": "[]",
    "timestamp_offset": 30.030910000001313,
    "duration": 3.0021150000029593
}