{
    "id": 110,
    "events": "[]",
    "timestamp_offset": 327.46375499999704,
    "duration": 3.00347000000329
}