{
    "id": 111,
    "events": "[]",
    "timestamp_offset": 330.4672250000003,
    "duration": 3.004175000001851
}