{
    "id": 112,
    "events": "[]",
    "timestamp_offset": 333.4714000000022,
    "duration": 3.0031099999978323
}