{
    "id": 113,
    "events": "[]",
    "timestamp_offset": 336.47451,
    "duration": 3.003310000000056
}