{
    "id": 114,
    "events": "[]",
    "timestamp_offset": 339.47782000000007,
    "duration": 3.003740000000107
}