{
    "id": 118,
    "events": "[]",
    "timestamp_offset": 351.49113000000216,
    "duration": 3.003149999996822
}