{
    "id": 119,
    "events": "[]",
    "timestamp_offset": 354.494279999999,
    "duration": 3.0027249999984633
}