{
    "id": 12,
    "events": "[]",
    "timestamp_offset": 33.03302500000427,
    "duration": 3.002859999993234
}