{
    "id": 120,
    "events": "[]",
    "timestamp_offset": 357.49700499999744,
    "duration": 3.0034450000021025
}