{
    "id": 121,
    "events": "[]",
    "timestamp_offset": 360.50044999999955,
    "duration": 3.0031099999978323
}