{
    "id": 122,
    "events": "[]",
    "timestamp_offset": 363.5035599999974,
    "duration": 3.0037200000006123
}