{
    "id": 123,
    "events": "[]",
    "timestamp_offset": 366.507279999998,
    "duration": 3.003550000001269
}