{
    "id": 124,
    "events": "[]",
    "timestamp_offset": 369.51082999999926,
    "duration": 3.006085000000894
}