{
    "id": 125,
    "events": "[]",
    "timestamp_offset": 372.51691500000015,
    "duration": 3.003244999999879
}