{
    "id": 126,
    "events": "[]",
    "timestamp_offset": 375.52016000000003,
    "duration": 3.0030150000020512
}