{
    "id": 127,
    "events": "[]",
    "timestamp_offset": 378.5231750000021,
    "duration": 3.0067199999975855
}