{
    "id": 128,
    "events": "[]",
    "timestamp_offset": 381.52989499999967,
    "duration": 3.003519999998389
}