{
    "id": 129,
    "events": "[]",
    "timestamp_offset": 384.53341499999806,
    "duration": 3.003600000003644
}