{
    "id": 13,
    "events": "[]",
    "timestamp_offset": 36.035884999997506,
    "duration": 3.0023849999997765
}