{
    "id": 130,
    "events": "[]",
    "timestamp_offset": 387.5370150000017,
    "duration": 3.0037299999967217
}