{
    "id": 131,
    "events": "[]",
    "timestamp_offset": 390.5407449999984,
    "duration": 3.0033350000012433
}