{
    "id": 132,
    "events": "[]",
    "timestamp_offset": 393.54407999999967,
    "duration": 3.002874999998312
}