{
    "id": 133,
    "events": "[]",
    "timestamp_offset": 396.546954999998,
    "duration": 3.003179999999702
}