{
    "id": 134,
    "events": "[]",
    "timestamp_offset": 399.5501349999977,
    "duration": 3.0030900000056135
}