{
    "id": 135,
    "events": "[]",
    "timestamp_offset": 402.5532250000033,
    "duration": 3.0030599999954575
}