{
    "id": 136,
    "events": "[]",
    "timestamp_offset": 405.55628499999875,
    "duration": 3.0031200000012177
}