{
    "id": 137,
    "events": "[]",
    "timestamp_offset": 408.55940499999997,
    "duration": 3.0041350000028615
}