{
    "id": 138,
    "events": "[]",
    "timestamp_offset": 411.56354000000283,
    "duration": 3.0031999999991967
}