{
    "id": 139,
    "events": "[]",
    "timestamp_offset": 414.566740000002,
    "duration": 3.003599999996368
}