{
    "id": 14,
    "events": "[]",
    "timestamp_offset": 39.03826999999728,
    "duration": 3.0021100000012666
}