{
    "id": 140,
    "events": "[]",
    "timestamp_offset": 417.5703399999984,
    "duration": 3.0055449999999837
}