{
    "id": 141,
    "events": "[]",
    "timestamp_offset": 420.5758849999984,
    "duration": 3.0041350000028615
}