{
    "id": 142,
    "events": "[]",
    "timestamp_offset": 423.58002000000124,
    "duration": 3.0031099999978323
}