{
    "id": 143,
    "events": "[]",
    "timestamp_offset": 426.5831299999991,
    "duration": 3.003114999999525
}