{
    "id": 144,
    "events": "[]",
    "timestamp_offset": 429.5862449999986,
    "duration": 3.0031250000029104
}