{
    "id": 145,
    "events": "[]",
    "timestamp_offset": 432.5893700000015,
    "duration": 3.0031549999985145
}