{
    "id": 146,
    "events": "[]",
    "timestamp_offset": 435.592525,
    "duration": 3.0025299999979325
}