{
    "id": 147,
    "events": "[]",
    "timestamp_offset": 438.59505499999796,
    "duration": 3.0037050000028103
}