{
    "id": 148,
    "events": "[]",
    "timestamp_offset": 441.59876000000077,
    "duration": 3.003145000002405
}