{
    "id": 149,
    "events": "[]",
    "timestamp_offset": 444.60190500000317,
    "duration": 3.0040999999982887
}