{
    "id": 15,
    "events": "[]",
    "timestamp_offset": 42.04037999999855,
    "duration": 3.0021150000029593
}