{
    "id": 150,
    "events": "[]",
    "timestamp_offset": 447.60600500000146,
    "duration": 3.003160000000207
}