{
    "id": 151,
    "events": "[]",
    "timestamp_offset": 450.60916500000167,
    "duration": 3.0030950000000303
}