{
    "id": 152,
    "events": "[]",
    "timestamp_offset": 453.6122600000017,
    "duration": 3.003160000000207
}