{
    "id": 153,
    "events": "[]",
    "timestamp_offset": 456.6154200000019,
    "duration": 3.0030750000005355
}