{
    "id": 154,
    "events": "[]",
    "timestamp_offset": 459.61849500000244,
    "duration": 3.0041199999977835
}