{
    "id": 155,
    "events": "[]",
    "timestamp_offset": 462.6226150000002,
    "duration": 3.003160000000207
}