{
    "id": 156,
    "events": "[]",
    "timestamp_offset": 465.62577500000043,
    "duration": 3.0031250000029104
}