{
    "id": 157,
    "events": "[]",
    "timestamp_offset": 468.62890000000334,
    "duration": 3.003129999997327
}