{
    "id": 16,
    "events": "[]",
    "timestamp_offset": 45.04249500000151,
    "duration": 3.0031650000019
}