{
    "id": 160,
    "events": "[]",
    "timestamp_offset": 477.6382749999975,
    "duration": 3.0031400000007125
}