{
    "id": 164,
    "events": "[]",
    "timestamp_offset": 489.65177000000403,
    "duration": 3.0030950000000303
}