{
    "id": 165,
    "events": "[]",
    "timestamp_offset": 492.65486500000407,
    "duration": 3.0056249999979627
}