{
    "id": 166,
    "events": "[]",
    "timestamp_offset": 495.660490000002,
    "duration": 3.0025949999981094
}