{
    "id": 167,
    "events": "[]",
    "timestamp_offset": 498.66308500000014,
    "duration": 3.0041550000023562
}