{
    "id": 168,
    "events": "[]",
    "timestamp_offset": 501.6672400000025,
    "duration": 3.0031099999978905
}