{
    "id": 169,
    "events": "[]",
    "timestamp_offset": 504.6703500000004,
    "duration": 3.003160000000149
}