{
    "id": 17,
    "events": "[]",
    "timestamp_offset": 48.04566000000341,
    "duration": 3.0031400000007125
}