{
    "id": 170,
    "events": "[]",
    "timestamp_offset": 507.67351000000053,
    "duration": 3.004574999999022
}