{
    "id": 171,
    "events": "[]",
    "timestamp_offset": 510.67808499999956,
    "duration": 3.002730000000214
}