{
    "id": 172,
    "events": "[]",
    "timestamp_offset": 513.6808149999998,
    "duration": 3.003029999999795
}