{
    "id": 173,
    "events": "[]",
    "timestamp_offset": 516.6838449999996,
    "duration": 3.0038350000032223
}