{
    "id": 174,
    "events": "[]",
    "timestamp_offset": 519.6876800000028,
    "duration": 3.0034249999952736
}