{
    "id": 175,
    "events": "[]",
    "timestamp_offset": 522.6911049999981,
    "duration": 3.0035900000002003
}