{
    "id": 176,
    "events": "[]",
    "timestamp_offset": 525.6946949999982,
    "duration": 3.0036499999987427
}