{
    "id": 177,
    "events": "[]",
    "timestamp_offset": 528.698344999997,
    "duration": 3.003260000005015
}