{
    "id": 178,
    "events": "[]",
    "timestamp_offset": 531.7016050000021,
    "duration": 3.0040049999952316
}