{
    "id": 179,
    "events": "[]",
    "timestamp_offset": 534.7056099999974,
    "duration": 3.0033450000046287
}