{
    "id": 18,
    "events": "[]",
    "timestamp_offset": 51.04880000000412,
    "duration": 3.0034299999970244
}