{
    "id": 180,
    "events": "[]",
    "timestamp_offset": 537.708955000002,
    "duration": 3.0028699999966193
}