{
    "id": 181,
    "events": "[]",
    "timestamp_offset": 540.7118249999986,
    "duration": 3.0031050000033574
}