{
    "id": 182,
    "events": "[]",
    "timestamp_offset": 543.7149300000018,
    "duration": 3.00287499999837
}