{
    "id": 183,
    "events": "[]",
    "timestamp_offset": 546.7178050000001,
    "duration": 3.0028800000000047
}