{
    "id": 184,
    "events": "[]",
    "timestamp_offset": 549.7206850000003,
    "duration": 3.0034099999974715
}