{
    "id": 185,
    "events": "[]",
    "timestamp_offset": 552.7240949999976,
    "duration": 3.00409500000393
}