{
    "id": 186,
    "events": "[]",
    "timestamp_offset": 555.7281900000015,
    "duration": 3.004385000000242
}