{
    "id": 187,
    "events": "[]",
    "timestamp_offset": 558.7325750000018,
    "duration": 3.0030899999982212
}