{
    "id": 188,
    "events": "[]",
    "timestamp_offset": 561.735665,
    "duration": 3.0033499999991617
}