{
    "id": 189,
    "events": "[]",
    "timestamp_offset": 564.7390149999992,
    "duration": 3.0070750000013504
}