{
    "id": 19,
    "events": "[]",
    "timestamp_offset": 54.052230000001146,
    "duration": 3.002809999998135
}