{
    "id": 190,
    "events": "[]",
    "timestamp_offset": 567.7460900000005,
    "duration": 3.0039749999996275
}