{
    "id": 191,
    "events": "[]",
    "timestamp_offset": 570.7500650000002,
    "duration": 3.003609999999637
}