{
    "id": 192,
    "events": "[]",
    "timestamp_offset": 573.7536749999998,
    "duration": 3.0040000000009313
}