{
    "id": 193,
    "events": "[]",
    "timestamp_offset": 576.7576750000007,
    "duration": 3.002775000000838
}