{
    "id": 194,
    "events": "[]",
    "timestamp_offset": 579.7604500000016,
    "duration": 3.0029399999984308
}