{
    "id": 195,
    "events": "[]",
    "timestamp_offset": 582.7633900000002,
    "duration": 3.003530000001774
}