{
    "id": 196,
    "events": "[]",
    "timestamp_offset": 585.7669200000017,
    "duration": 3.0028699999966193
}