{
    "id": 197,
    "events": "[]",
    "timestamp_offset": 588.7697899999984,
    "duration": 3.0031550000058487
}