{
    "id": 198,
    "events": "[]",
    "timestamp_offset": 591.7729450000043,
    "duration": 3.0029249999932945
}