{
    "id": 199,
    "events": "[]",
    "timestamp_offset": 594.7758699999976,
    "duration": 3.0062900000049266
}