{
    "id": 2,
    "events": "[]",
    "timestamp_offset": 3.0009100000024773,
    "duration": 3.0040399999998044
}