{
    "id": 20,
    "events": "[]",
    "timestamp_offset": 57.05503999999928,
    "duration": 3.0030899999983376
}