{
    "id": 200,
    "events": "[]",
    "timestamp_offset": 597.7821600000025,
    "duration": 3.0031349999989616
}