{
    "id": 206,
    "events": "[]",
    "timestamp_offset": 615.8009299999976,
    "duration": 3.003110000004992
}