{
    "id": 207,
    "events": "[]",
    "timestamp_offset": 618.8040400000026,
    "duration": 3.004450000000419
}