{
    "id": 208,
    "events": "[]",
    "timestamp_offset": 621.808490000003,
    "duration": 3.003069999998901
}