{
    "id": 209,
    "events": "[]",
    "timestamp_offset": 624.8115600000019,
    "duration": 3.002854999998817
}