{
    "id": 21,
    "events": "[]",
    "timestamp_offset": 60.05812999999762,
    "duration": 3.0031350000062957
}