{
    "id": 210,
    "events": "[]",
    "timestamp_offset": 627.8144150000007,
    "duration": 3.0031200000011595
}