{
    "id": 211,
    "events": "[]",
    "timestamp_offset": 630.8175350000021,
    "duration": 3.0030899999983376
}