{
    "id": 212,
    "events": "[]",
    "timestamp_offset": 633.8206250000002,
    "duration": 3.00335500000068
}