{
    "id": 213,
    "events": "[]",
    "timestamp_offset": 636.8239800000009,
    "duration": 3.0039150000012014
}