{
    "id": 214,
    "events": "[]",
    "timestamp_offset": 639.8278950000021,
    "duration": 3.0041399999973364
}