{
    "id": 215,
    "events": "[]",
    "timestamp_offset": 642.8320349999995,
    "duration": 3.003075000000419
}