{
    "id": 22,
    "events": "[]",
    "timestamp_offset": 63.061265000003914,
    "duration": 3.002119999997376
}