{
    "id": 221,
    "events": "[]",
    "timestamp_offset": 660.850765000003,
    "duration": 3.0031200000011595
}