{
    "id": 223,
    "events": "[]",
    "timestamp_offset": 666.8570499999986,
    "duration": 3.0070449999985285
}