{
    "id": 224,
    "events": "[]",
    "timestamp_offset": 669.8640949999972,
    "duration": 3.003150000004098
}