{
    "id": 225,
    "events": "[]",
    "timestamp_offset": 672.8672450000013,
    "duration": 3.006544999996433
}