{
    "id": 23,
    "events": "[]",
    "timestamp_offset": 66.06338500000129,
    "duration": 3.0031250000029104
}