{
    "id": 235,
    "events": "[]",
    "timestamp_offset": 702.9034850000024,
    "duration": 3.0037699999958276
}