{
    "id": 24,
    "events": "[]",
    "timestamp_offset": 69.0665100000042,
    "duration": 3.0061099999948055
}