{
    "id": 247,
    "events": "[]",
    "timestamp_offset": 738.9649900000005,
    "duration": 3.0030750000005355
}