{
    "id": 248,
    "events": "[{\"type\":\"stdin\",\"target\":\"Main player:tab[1]\",\"data\":\"G1syMjszOEg=\",\"delta_time\":742.0355150000031}]",
    "timestamp_offset": 741.9680650000008,
    "duration": 3.003145000002347
}