{
    "id": 25,
    "events": "[]",
    "timestamp_offset": 72.072619999999,
    "duration": 3.002135000002454
}