{
    "id": 254,
    "events": "[]",
    "timestamp_offset": 759.9878800000006,
    "duration": 3.003244999999879
}