{
    "id": 255,
    "events": "[{\"type\":\"tab_change\",\"target\":\"Main player\",\"data\":{\"index\":0},\"delta_time\":765.1603699999978}]",
    "timestamp_offset": 762.9911250000005,
    "duration": 3.002950000001816
}