{
    "id": 256,
    "events": "[]",
    "timestamp_offset": 765.9940750000022,
    "duration": 3.003174999997951
}