{
    "id": 257,
    "events": "[]",
    "timestamp_offset": 768.9972500000002,
    "duration": 3.00306499999715
}