{
    "id": 26,
    "events": "[]",
    "timestamp_offset": 75.07475500000146,
    "duration": 3.0030899999983376
}