{
    "id": 260,
    "events": "[]",
    "timestamp_offset": 778.0075550000037,
    "duration": 3.003199999999255
}