{
    "id": 261,
    "events": "[]",
    "timestamp_offset": 781.0107550000029,
    "duration": 3.003094999999972
}