{
    "id": 262,
    "events": "[]",
    "timestamp_offset": 784.0138500000029,
    "duration": 3.00306499999715
}