{
    "id": 263,
    "events": "[]",
    "timestamp_offset": 787.016915,
    "duration": 3.0031099999978905
}