{
    "id": 264,
    "events": "[]",
    "timestamp_offset": 790.0200249999981,
    "duration": 3.0041450000061887
}