{
    "id": 265,
    "events": "[]",
    "timestamp_offset": 793.0241700000041,
    "duration": 3.003129999997327
}