{
    "id": 266,
    "events": "[]",
    "timestamp_offset": 796.0273000000014,
    "duration": 3.003114999999525
}