{
    "id": 267,
    "events": "[]",
    "timestamp_offset": 799.030415000001,
    "duration": 3.0031650000019
}