{
    "id": 268,
    "events": "[{\"type\":\"tab_change\",\"target\":\"Main player\",\"data\":{\"index\":1},\"delta_time\":802.1973450000004}]",
    "timestamp_offset": 802.0335800000029,
    "duration": 3.0036550000004936
}