{
    "id": 269,
    "events": "[]",
    "timestamp_offset": 805.0372350000033,
    "duration": 3.0035599999973783
}