{
    "id": 270,
    "events": "[]",
    "timestamp_offset": 808.0407950000009,
    "duration": 3.0025949999981094
}