{
    "id": 271,
    "events": "[]",
    "timestamp_offset": 811.043389999999,
    "duration": 3.0026050000014948
}