{
    "id": 273,
    "events": "[]",
    "timestamp_offset": 817.0501300000032,
    "duration": 3.006134999996051
}