{
    "id": 274,
    "events": "[]",
    "timestamp_offset": 820.0562649999991,
    "duration": 3.003105000003474
}