{
    "id": 275,
    "events": "[]",
    "timestamp_offset": 823.0593700000027,
    "duration": 3.003154999998398
}