{
    "id": 276,
    "events": "[]",
    "timestamp_offset": 826.0625250000011,
    "duration": 3.0031450000024633
}