{
    "id": 277,
    "events": "[]",
    "timestamp_offset": 829.0656700000037,
    "duration": 3.0030899999983376
}