{
    "id": 278,
    "events": "[]",
    "timestamp_offset": 832.0687600000018,
    "duration": 3.0041249999995343
}