{
    "id": 279,
    "events": "[]",
    "timestamp_offset": 835.0728850000014,
    "duration": 3.003125000002794
}