{
    "id": 281,
    "events": "[]",
    "timestamp_offset": 841.0811200000024,
    "duration": 3.00314999999688
}