{
    "id": 283,
    "events": "[]",
    "timestamp_offset": 847.0878050000027,
    "duration": 3.0037200000006705
}