{
    "id": 284,
    "events": "[]",
    "timestamp_offset": 850.0915250000033,
    "duration": 3.0040999999982305
}