{
    "id": 285,
    "events": "[]",
    "timestamp_offset": 853.0956250000016,
    "duration": 3.0041100000017322
}