{
    "id": 286,
    "events": "[]",
    "timestamp_offset": 856.0997350000033,
    "duration": 3.004789999999106
}