{
    "id": 287,
    "events": "[]",
    "timestamp_offset": 859.1045250000025,
    "duration": 3.0034599999998464
}