{
    "id": 288,
    "events": "[]",
    "timestamp_offset": 862.1079850000025,
    "duration": 3.003129999997327
}