{
    "id": 289,
    "events": "[]",
    "timestamp_offset": 865.1111149999998,
    "duration": 3.0031400000007125
}