{
    "id": 29,
    "events": "[]",
    "timestamp_offset": 84.08337000000029,
    "duration": 3.0030899999983376
}