{
    "id": 293,
    "events": "[]",
    "timestamp_offset": 877.1245849999976,
    "duration": 3.004145000006305
}