{
    "id": 298,
    "events": "[]",
    "timestamp_offset": 892.1443100000033,
    "duration": 3.0040499999958556
}