{
    "id": 3,
    "events": "[]",
    "timestamp_offset": 6.004950000002282,
    "duration": 3.004124999999476
}