{
    "id": 30,
    "events": "[]",
    "timestamp_offset": 87.08645999999862,
    "duration": 3.005714999999327
}