{
    "id": 311,
    "events": "[]",
    "timestamp_offset": 931.1938549999976,
    "duration": 3.003435000005993
}