{
    "id": 314,
    "events": "[]",
    "timestamp_offset": 940.2051449999998,
    "duration": 3.0031749999980675
}