{
    "id": 317,
    "events": "[]",
    "timestamp_offset": 949.2156949999988,
    "duration": 3.003609999999753
}