{
    "id": 318,
    "events": "[]",
    "timestamp_offset": 952.2193049999988,
    "duration": 3.0034799999993993
}