{
    "id": 319,
    "events": "[]",
    "timestamp_offset": 955.222784999998,
    "duration": 3.0041700000001583
}