{
    "id": 320,
    "events": "[]",
    "timestamp_offset": 958.2269549999982,
    "duration": 3.0041150000033667
}