{
    "id": 321,
    "events": "[]",
    "timestamp_offset": 961.2310700000018,
    "duration": 3.004899999999907
}