{
    "id": 322,
    "events": "[]",
    "timestamp_offset": 964.2359700000017,
    "duration": 3.0043599999990547
}