{
    "id": 323,
    "events": "[]",
    "timestamp_offset": 967.2403300000005,
    "duration": 3.0041950000012294
}