{
    "id": 324,
    "events": "[]",
    "timestamp_offset": 970.2445250000018,
    "duration": 3.00403499999817
}