{
    "id": 325,
    "events": "[]",
    "timestamp_offset": 973.2485600000001,
    "duration": 3.003770000002929
}