{
    "id": 326,
    "events": "[]",
    "timestamp_offset": 976.2523300000029,
    "duration": 3.004464999998221
}