{
    "id": 327,
    "events": "[]",
    "timestamp_offset": 979.256795000001,
    "duration": 3.0031250000029104
}