{
    "id": 328,
    "events": "[]",
    "timestamp_offset": 982.2599200000042,
    "duration": 3.0031649999945658
}