{
    "id": 329,
    "events": "[]",
    "timestamp_offset": 985.2630849999986,
    "duration": 3.00306000000285
}