{
    "id": 330,
    "events": "[]",
    "timestamp_offset": 988.2661450000014,
    "duration": 3.0041199999977835
}