{
    "id": 331,
    "events": "[]",
    "timestamp_offset": 991.2702649999992,
    "duration": 3.003150000004098
}