{
    "id": 332,
    "events": "[]",
    "timestamp_offset": 994.2734150000033,
    "duration": 3.0042449999963865
}