{
    "id": 333,
    "events": "[]",
    "timestamp_offset": 997.2776599999996,
    "duration": 3.0030600000027334
}