{
    "id": 334,
    "events": "[]",
    "timestamp_offset": 1000.2807200000026,
    "duration": 3.003274999995483
}