{
    "id": 335,
    "events": "[]",
    "timestamp_offset": 1003.2839949999981,
    "duration": 3.0029200000063283
}