{
    "id": 336,
    "events": "[]",
    "timestamp_offset": 1006.2869150000042,
    "duration": 3.003354999993462
}