{
    "id": 337,
    "events": "[]",
    "timestamp_offset": 1009.2902699999977,
    "duration": 3.003900000003283
}