{
    "id": 342,
    "events": "[]",
    "timestamp_offset": 1024.3086249999976,
    "duration": 3.0041249999995343
}