{
    "id": 343,
    "events": "[]",
    "timestamp_offset": 1027.312749999997,
    "duration": 3.0031700000036508
}