{
    "id": 344,
    "events": "[]",
    "timestamp_offset": 1030.315920000001,
    "duration": 3.003004999998724
}