{
    "id": 345,
    "events": "[]",
    "timestamp_offset": 1033.3189249999996,
    "duration": 3.003179999999702
}