{
    "id": 346,
    "events": "[]",
    "timestamp_offset": 1036.3221049999993,
    "duration": 3.0031650000019
}