{
    "id": 347,
    "events": "[]",
    "timestamp_offset": 1039.3252700000012,
    "duration": 3.0030899999982212
}