{
    "id": 348,
    "events": "[]",
    "timestamp_offset": 1042.3283599999993,
    "duration": 3.0031700000036508
}