{
    "id": 349,
    "events": "[]",
    "timestamp_offset": 1045.331530000003,
    "duration": 3.0029499999945983
}