{
    "id": 350,
    "events": "[]",
    "timestamp_offset": 1048.3344799999977,
    "duration": 3.0033600000024308
}