{
    "id": 351,
    "events": "[]",
    "timestamp_offset": 1051.3378400000001,
    "duration": 3.0040349999980536
}