{
    "id": 352,
    "events": "[]",
    "timestamp_offset": 1054.341874999998,
    "duration": 3.003100000001723
}