{
    "id": 353,
    "events": "[]",
    "timestamp_offset": 1057.3449749999997,
    "duration": 3.003075000000652
}