{
    "id": 354,
    "events": "[]",
    "timestamp_offset": 1060.3480500000005,
    "duration": 3.003275000002701
}