{
    "id": 355,
    "events": "[]",
    "timestamp_offset": 1063.3513250000033,
    "duration": 3.003049999999348
}