{
    "id": 356,
    "events": "[]",
    "timestamp_offset": 1066.3543750000026,
    "duration": 3.003114999999525
}