{
    "id": 357,
    "events": "[]",
    "timestamp_offset": 1069.3574900000021,
    "duration": 3.003160000000149
}