{
    "id": 358,
    "events": "[]",
    "timestamp_offset": 1072.3606500000021,
    "duration": 3.0041049999999814
}