{
    "id": 359,
    "events": "[]",
    "timestamp_offset": 1075.364755000002,
    "duration": 3.004150000000838
}