{
    "id": 360,
    "events": "[]",
    "timestamp_offset": 1078.368905000003,
    "duration": 3.005079999995185
}