{
    "id": 361,
    "events": "[]",
    "timestamp_offset": 1081.3739849999981,
    "duration": 3.0031250000030267
}