{
    "id": 362,
    "events": "[]",
    "timestamp_offset": 1084.3771100000013,
    "duration": 3.003125000002794
}