{
    "id": 363,
    "events": "[]",
    "timestamp_offset": 1087.380235000004,
    "duration": 3.003474999997765
}