{
    "id": 368,
    "events": "[]",
    "timestamp_offset": 1102.3978599999973,
    "duration": 3.002970000001369
}