{
    "id": 369,
    "events": "[]",
    "timestamp_offset": 1105.4008299999987,
    "duration": 3.0032800000044517
}