{
    "id": 370,
    "events": "[]",
    "timestamp_offset": 1108.4041100000031,
    "duration": 3.003489999995567
}