{
    "id": 371,
    "events": "[]",
    "timestamp_offset": 1111.4075999999986,
    "duration": 3.0028650000020862
}