{
    "id": 372,
    "events": "[]",
    "timestamp_offset": 1114.4104650000008,
    "duration": 3.003004999998724
}