{
    "id": 373,
    "events": "[]",
    "timestamp_offset": 1117.4134699999995,
    "duration": 3.003389999998035
}