{
    "id": 374,
    "events": "[]",
    "timestamp_offset": 1120.4168599999975,
    "duration": 3.0058500000012573
}