{
    "id": 375,
    "events": "[]",
    "timestamp_offset": 1123.4227099999987,
    "duration": 3.003120000001276
}