{
    "id": 376,
    "events": "[]",
    "timestamp_offset": 1126.4258300000001,
    "duration": 3.003154999998398
}