{
    "id": 377,
    "events": "[]",
    "timestamp_offset": 1129.4289849999984,
    "duration": 3.0031000000019556
}