{
    "id": 378,
    "events": "[]",
    "timestamp_offset": 1132.4320850000004,
    "duration": 3.003170000003418
}