{
    "id": 379,
    "events": "[]",
    "timestamp_offset": 1135.4352550000037,
    "duration": 3.003069999998901
}