{
    "id": 380,
    "events": "[]",
    "timestamp_offset": 1138.4383250000028,
    "duration": 3.0040299999963027
}