{
    "id": 381,
    "events": "[]",
    "timestamp_offset": 1141.442354999999,
    "duration": 3.0032150000045075
}