{
    "id": 382,
    "events": "[]",
    "timestamp_offset": 1144.4455700000035,
    "duration": 3.00354499999946
}