{
    "id": 383,
    "events": "[]",
    "timestamp_offset": 1147.449115000003,
    "duration": 3.004699999997625
}