{
    "id": 384,
    "events": "[]",
    "timestamp_offset": 1150.4538150000005,
    "duration": 3.003120000001276
}