{
    "id": 385,
    "events": "[]",
    "timestamp_offset": 1153.456935000002,
    "duration": 3.0041149999960326
}