{
    "id": 386,
    "events": "[]",
    "timestamp_offset": 1156.4610499999978,
    "duration": 3.0031700000036508
}