{
    "id": 387,
    "events": "[]",
    "timestamp_offset": 1159.4642200000017,
    "duration": 3.003094999999972
}