{
    "id": 388,
    "events": "[]",
    "timestamp_offset": 1162.4673150000015,
    "duration": 3.002749999999767
}