{
    "id": 389,
    "events": "[]",
    "timestamp_offset": 1165.4700650000013,
    "duration": 3.00308000000217
}