{
    "id": 39,
    "events": "[]",
    "timestamp_offset": 114.13277499999822,
    "duration": 3.0036700000055134
}