{
    "id": 390,
    "events": "[]",
    "timestamp_offset": 1168.4731450000036,
    "duration": 3.003509999994887
}