{
    "id": 391,
    "events": "[]",
    "timestamp_offset": 1171.4766549999983,
    "duration": 3.005499999999534
}