{
    "id": 392,
    "events": "[]",
    "timestamp_offset": 1174.4821549999979,
    "duration": 3.003765000001062
}