{
    "id": 394,
    "events": "[]",
    "timestamp_offset": 1180.489410000002,
    "duration": 3.002964999999618
}