{
    "id": 395,
    "events": "[]",
    "timestamp_offset": 1183.4923750000016,
    "duration": 3.0029399999983144
}