{
    "id": 396,
    "events": "[]",
    "timestamp_offset": 1186.495315,
    "duration": 3.0036550000004936
}