{
    "id": 397,
    "events": "[]",
    "timestamp_offset": 1189.4989700000003,
    "duration": 3.0035449999996926
}