{
    "id": 398,
    "events": "[]",
    "timestamp_offset": 1192.5025150000001,
    "duration": 3.0041500000006054
}