{
    "id": 399,
    "events": "[]",
    "timestamp_offset": 1195.5066650000008,
    "duration": 3.0039899999974295
}