{
    "id": 4,
    "events": "[]",
    "timestamp_offset": 9.009075000001758,
    "duration": 3.0041149999960908
}