{
    "id": 40,
    "events": "[]",
    "timestamp_offset": 117.13644500000373,
    "duration": 3.0031549999985145
}