{
    "id": 400,
    "events": "[]",
    "timestamp_offset": 1198.5106549999982,
    "duration": 3.0054850000014994
}