{
    "id": 401,
    "events": "[]",
    "timestamp_offset": 1201.5161399999997,
    "duration": 3.0038899999998976
}