{
    "id": 402,
    "events": "[]",
    "timestamp_offset": 1204.5200299999995,
    "duration": 3.003109999997774
}