{
    "id": 403,
    "events": "[]",
    "timestamp_offset": 1207.5231399999973,
    "duration": 3.003140000000829
}