{
    "id": 404,
    "events": "[]",
    "timestamp_offset": 1210.5262799999982,
    "duration": 3.003130000004545
}