{
    "id": 405,
    "events": "[]",
    "timestamp_offset": 1213.5294100000026,
    "duration": 3.0029499999945983
}