{
    "id": 406,
    "events": "[]",
    "timestamp_offset": 1216.5323599999972,
    "duration": 3.0032750000029336
}