{
    "id": 407,
    "events": "[]",
    "timestamp_offset": 1219.5356350000002,
    "duration": 3.003154999998398
}