{
    "id": 408,
    "events": "[]",
    "timestamp_offset": 1222.5387899999987,
    "duration": 3.0030900000056717
}