{
    "id": 409,
    "events": "[]",
    "timestamp_offset": 1225.5418800000043,
    "duration": 3.003144999995129
}