{
    "id": 41,
    "events": "[]",
    "timestamp_offset": 120.13960000000225,
    "duration": 3.0031249999956344
}