{
    "id": 410,
    "events": "[]",
    "timestamp_offset": 1228.5450249999994,
    "duration": 3.0038249999997206
}