{
    "id": 411,
    "events": "[]",
    "timestamp_offset": 1231.5488499999992,
    "duration": 3.0035250000001397
}