{
    "id": 412,
    "events": "[]",
    "timestamp_offset": 1234.5523749999993,
    "duration": 3.003000000004191
}