{
    "id": 413,
    "events": "[]",
    "timestamp_offset": 1237.5553750000036,
    "duration": 3.0041500000006054
}