{
    "id": 414,
    "events": "[]",
    "timestamp_offset": 1240.559525000004,
    "duration": 3.003114999999525
}