{
    "id": 415,
    "events": "[]",
    "timestamp_offset": 1243.5626400000035,
    "duration": 3.003119999994058
}