{
    "id": 416,
    "events": "[]",
    "timestamp_offset": 1246.5657599999977,
    "duration": 3.0040900000021793
}