{
    "id": 417,
    "events": "[]",
    "timestamp_offset": 1249.5698499999999,
    "duration": 3.00318500000122
}