{
    "id": 418,
    "events": "[]",
    "timestamp_offset": 1252.573035000001,
    "duration": 3.002630000002682
}