{
    "id": 419,
    "events": "[]",
    "timestamp_offset": 1255.5756650000037,
    "duration": 3.0028599999933503
}