{
    "id": 42,
    "events": "[]",
    "timestamp_offset": 123.14272499999788,
    "duration": 3.003114999999525
}