{
    "id": 422,
    "events": "[]",
    "timestamp_offset": 1264.5844950000026,
    "duration": 3.0041249999995343
}