{
    "id": 423,
    "events": "[]",
    "timestamp_offset": 1267.5886200000023,
    "duration": 3.003109999997774
}