{
    "id": 424,
    "events": "[]",
    "timestamp_offset": 1270.5917299999999,
    "duration": 3.003140000000829
}