{
    "id": 425,
    "events": "[]",
    "timestamp_offset": 1273.5948700000008,
    "duration": 3.0033949999997858
}