{
    "id": 426,
    "events": "[]",
    "timestamp_offset": 1276.5982650000005,
    "duration": 3.00381999999797
}