{
    "id": 427,
    "events": "[]",
    "timestamp_offset": 1279.6020849999986,
    "duration": 3.00614499999932
}