{
    "id": 428,
    "events": "[]",
    "timestamp_offset": 1282.6082299999978,
    "duration": 3.0031600000003817
}