{
    "id": 43,
    "events": "[]",
    "timestamp_offset": 126.1458399999974,
    "duration": 3.057170000000042
}