{
    "id": 430,
    "events": "[]",
    "timestamp_offset": 1288.6157450000026,
    "duration": 3.0038500000010244
}