{
    "id": 431,
    "events": "[]",
    "timestamp_offset": 1291.6195950000038,
    "duration": 3.0031249999955762
}