{
    "id": 432,
    "events": "[]",
    "timestamp_offset": 1294.6227199999992,
    "duration": 3.0031700000036508
}