{
    "id": 433,
    "events": "[]",
    "timestamp_offset": 1297.625890000003,
    "duration": 3.003120000001276
}