{
    "id": 434,
    "events": "[]",
    "timestamp_offset": 1300.6290100000042,
    "duration": 3.0030799999949522
}