{
    "id": 435,
    "events": "[]",
    "timestamp_offset": 1303.6320899999992,
    "duration": 3.0040950000036974
}