{
    "id": 436,
    "events": "[]",
    "timestamp_offset": 1306.6361850000028,
    "duration": 3.0031600000003817
}