{
    "id": 44,
    "events": "[]",
    "timestamp_offset": 129.20300999999745,
    "duration": 3.0200949999998556
}