{
    "id": 455,
    "events": "[]",
    "timestamp_offset": 1363.7025500000016,
    "duration": 3.004690000001574
}