{
    "id": 456,
    "events": "[]",
    "timestamp_offset": 1366.7072400000031,
    "duration": 3.0035399999979417
}