{
    "id": 457,
    "events": "[]",
    "timestamp_offset": 1369.7107800000013,
    "duration": 3.002665000000037
}