{
    "id": 458,
    "events": "[]",
    "timestamp_offset": 1372.7134450000012,
    "duration": 3.0035750000025145
}