{
    "id": 459,
    "events": "[]",
    "timestamp_offset": 1375.7170200000037,
    "duration": 3.0029299999950454
}