{
    "id": 460,
    "events": "[]",
    "timestamp_offset": 1378.7199499999988,
    "duration": 3.003340000002878
}