{
    "id": 461,
    "events": "[]",
    "timestamp_offset": 1381.7232900000017,
    "duration": 3.004484999997774
}