{
    "id": 462,
    "events": "[]",
    "timestamp_offset": 1384.7277749999994,
    "duration": 3.0027499999995344
}