{
    "id": 463,
    "events": "[]",
    "timestamp_offset": 1387.730524999999,
    "duration": 3.003105000003474
}