{
    "id": 464,
    "events": "[]",
    "timestamp_offset": 1390.7336300000024,
    "duration": 3.0041999999957625
}