{
    "id": 465,
    "events": "[]",
    "timestamp_offset": 1393.7378299999982,
    "duration": 3.003085000003921
}