{
    "id": 466,
    "events": "[]",
    "timestamp_offset": 1396.7409150000021,
    "duration": 3.0035399999979417
}