{
    "id": 467,
    "events": "[]",
    "timestamp_offset": 1399.744455,
    "duration": 3.003669999998063
}