{
    "id": 469,
    "events": "[]",
    "timestamp_offset": 1405.7512700000004,
    "duration": 3.004115000003483
}