{
    "id": 47,
    "events": "[]",
    "timestamp_offset": 138.23534500000096,
    "duration": 3.0031200000012177
}