{
    "id": 470,
    "events": "[]",
    "timestamp_offset": 1408.755385000004,
    "duration": 3.0030399999958464
}