{
    "id": 471,
    "events": "[]",
    "timestamp_offset": 1411.7584249999998,
    "duration": 3.0036000000038183
}