{
    "id": 472,
    "events": "[]",
    "timestamp_offset": 1414.7620250000036,
    "duration": 3.003754999997793
}