{
    "id": 473,
    "events": "[]",
    "timestamp_offset": 1417.7657800000013,
    "duration": 3.00314999999688
}