{
    "id": 474,
    "events": "[]",
    "timestamp_offset": 1420.7689299999984,
    "duration": 3.003105000003474
}