{
    "id": 475,
    "events": "[]",
    "timestamp_offset": 1423.7720350000018,
    "duration": 3.0031049999960233
}