{
    "id": 476,
    "events": "[]",
    "timestamp_offset": 1426.7751399999977,
    "duration": 3.0034500000039115
}