{
    "id": 477,
    "events": "[]",
    "timestamp_offset": 1429.7785900000017,
    "duration": 3.0027599999955856
}