{
    "id": 478,
    "events": "[]",
    "timestamp_offset": 1432.7813499999972,
    "duration": 3.004175000001909
}