{
    "id": 479,
    "events": "[]",
    "timestamp_offset": 1435.785524999999,
    "duration": 3.003089999998454
}