{
    "id": 48,
    "events": "[]",
    "timestamp_offset": 141.23846500000218,
    "duration": 3.0041500000006636
}