{
    "id": 480,
    "events": "[]",
    "timestamp_offset": 1438.7886149999977,
    "duration": 3.003120000001276
}