{
    "id": 481,
    "events": "[]",
    "timestamp_offset": 1441.7917349999989,
    "duration": 3.003510000002105
}