{
    "id": 489,
    "events": "[]",
    "timestamp_offset": 1465.8197450000005,
    "duration": 3.0040949999967124
}