{
    "id": 49,
    "events": "[]",
    "timestamp_offset": 144.24261500000284,
    "duration": 3.003099999994447
}