{
    "id": 5,
    "events": "[]",
    "timestamp_offset": 12.013189999997849,
    "duration": 3.003100000001723
}