{
    "id": 50,
    "events": "[]",
    "timestamp_offset": 147.2457149999973,
    "duration": 3.003545000006852
}