{
    "id": 51,
    "events": "[]",
    "timestamp_offset": 150.24926000000414,
    "duration": 3.0041499999933876
}