{
    "id": 519,
    "events": "[]",
    "timestamp_offset": 1555.9344100000014,
    "duration": 3.0041550000023562
}