{
    "id": 52,
    "events": "[]",
    "timestamp_offset": 153.25340999999753,
    "duration": 3.002650000002177
}