{
    "id": 520,
    "events": "[{\"type\":\"tab_change\",\"target\":\"Main player\",\"data\":{\"index\":0},\"delta_time\":1559.1010450000028}]",
    "timestamp_offset": 1558.9385650000038,
    "duration": 3.002989999993704
}