{
    "id": 521,
    "events": "[]",
    "timestamp_offset": 1561.9415549999976,
    "duration": 3.00335500000068
}