{
    "id": 524,
    "events": "[]",
    "timestamp_offset": 1570.9520249999985,
    "duration": 3.0041449999990872
}