{
    "id": 53,
    "events": "[]",
    "timestamp_offset": 156.2560599999997,
    "duration": 3.003150000004098
}