{
    "id": 54,
    "events": "[]",
    "timestamp_offset": 159.2592100000038,
    "duration": 3.003129999997327
}