{
    "id": 546,
    "events": "[]",
    "timestamp_offset": 1637.0327600000019,
    "duration": 3.003109999997774
}