{
    "id": 547,
    "events": "[]",
    "timestamp_offset": 1640.0358699999997,
    "duration": 3.0081300000019837
}