{
    "id": 550,
    "events": "[]",
    "timestamp_offset": 1649.050455000004,
    "duration": 3.0039249999972526
}