{
    "id": 552,
    "events": "[]",
    "timestamp_offset": 1655.0586150000015,
    "duration": 3.0040549999976065
}