{
    "id": 554,
    "events": "[]",
    "timestamp_offset": 1661.0657350000035,
    "duration": 3.006154999995604
}