{
    "id": 555,
    "events": "[]",
    "timestamp_offset": 1664.0718899999993,
    "duration": 3.003085000003921
}