{
    "id": 556,
    "events": "[]",
    "timestamp_offset": 1667.0749750000032,
    "duration": 3.0028649999948684
}