{
    "id": 557,
    "events": "[]",
    "timestamp_offset": 1670.0778399999979,
    "duration": 3.0034599999999627
}