{
    "id": 558,
    "events": "[]",
    "timestamp_offset": 1673.081299999998,
    "duration": 3.0030450000050477
}