{
    "id": 559,
    "events": "[]",
    "timestamp_offset": 1676.084345000003,
    "duration": 3.0031249999955762
}