{
    "id": 560,
    "events": "[]",
    "timestamp_offset": 1679.0874699999986,
    "duration": 3.004205000004731
}