{
    "id": 561,
    "events": "[]",
    "timestamp_offset": 1682.0916750000033,
    "duration": 3.003029999999795
}