{
    "id": 562,
    "events": "[]",
    "timestamp_offset": 1685.0947050000032,
    "duration": 3.003134999999078
}