{
    "id": 563,
    "events": "[]",
    "timestamp_offset": 1688.0978400000022,
    "duration": 3.003120000001043
}