{
    "id": 567,
    "events": "[]",
    "timestamp_offset": 1700.1153400000037,
    "duration": 3.003109999997774
}