{
    "id": 572,
    "events": "[]",
    "timestamp_offset": 1715.1319550000042,
    "duration": 3.003129999997327
}