{
    "id": 574,
    "events": "[]",
    "timestamp_offset": 1721.1399450000026,
    "duration": 3.003364999996731
}