{
    "id": 575,
    "events": "[]",
    "timestamp_offset": 1724.1433099999992,
    "duration": 3.0051250000034924
}