{
    "id": 576,
    "events": "[]",
    "timestamp_offset": 1727.1484350000028,
    "duration": 3.0031449999948965
}