{
    "id": 577,
    "events": "[]",
    "timestamp_offset": 1730.1515799999977,
    "duration": 3.0030900000056717
}