{
    "id": 578,
    "events": "[]",
    "timestamp_offset": 1733.1546700000033,
    "duration": 3.0051499999973457
}