{
    "id": 579,
    "events": "[]",
    "timestamp_offset": 1736.1598200000008,
    "duration": 3.003109999997774
}