{
    "id": 58,
    "events": "[]",
    "timestamp_offset": 171.27279000000271,
    "duration": 3.003019999996468
}