{
    "id": 580,
    "events": "[]",
    "timestamp_offset": 1739.1629299999986,
    "duration": 3.003120000001276
}