{
    "id": 581,
    "events": "[]",
    "timestamp_offset": 1742.1660499999998,
    "duration": 3.003120000001043
}