{
    "id": 582,
    "events": "[]",
    "timestamp_offset": 1745.1691700000008,
    "duration": 3.0034599999999627
}