{
    "id": 583,
    "events": "[]",
    "timestamp_offset": 1748.1726300000007,
    "duration": 3.0036449999972246
}