{
    "id": 587,
    "events": "[]",
    "timestamp_offset": 1760.1867899999995,
    "duration": 3.003295000002254
}