{
    "id": 59,
    "events": "[]",
    "timestamp_offset": 174.27580999999918,
    "duration": 3.003049999999348
}