{
    "id": 593,
    "events": "[]",
    "timestamp_offset": 1778.2125549999982,
    "duration": 3.003085000003688
}