{
    "id": 595,
    "events": "[]",
    "timestamp_offset": 1784.2198350000035,
    "duration": 3.003029999999795
}