{
    "id": 596,
    "events": "[]",
    "timestamp_offset": 1787.2228650000031,
    "duration": 3.0061749999949243
}