{
    "id": 6,
    "events": "[]",
    "timestamp_offset": 15.016289999999572,
    "duration": 3.0033600000024308
}