{
    "id": 60,
    "events": "[]",
    "timestamp_offset": 177.27885999999853,
    "duration": 3.0031900000030873
}