{
    "id": 605,
    "events": "[]",
    "timestamp_offset": 1814.2670250000008,
    "duration": 3.0051850000019185
}