{
    "id": 61,
    "events": "[]",
    "timestamp_offset": 180.28205000000162,
    "duration": 3.003149999996822
}