{
    "id": 611,
    "events": "[]",
    "timestamp_offset": 1832.291750000004,
    "duration": 3.0031049999960233
}