{
    "id": 612,
    "events": "[]",
    "timestamp_offset": 1835.2948549999999,
    "duration": 3.0041399999973364
}