{
    "id": 613,
    "events": "[{\"type\":\"tab_change\",\"target\":\"Main player\",\"data\":{\"index\":1},\"delta_time\":1840.7667050000016}]",
    "timestamp_offset": 1838.2989949999974,
    "duration": 3.003105000003474
}