{
    "id": 62,
    "events": "[]",
    "timestamp_offset": 183.28519999999844,
    "duration": 3.0030900000056135
}