{
    "id": 620,
    "events": "[]",
    "timestamp_offset": 1859.325859999997,
    "duration": 3.003115000006743
}