{
    "id": 621,
    "events": "[]",
    "timestamp_offset": 1862.3289750000038,
    "duration": 3.0031600000003817
}