{
    "id": 622,
    "events": "[]",
    "timestamp_offset": 1865.3321350000042,
    "duration": 3.003094999999972
}