{
    "id": 623,
    "events": "[]",
    "timestamp_offset": 1868.3352300000042,
    "duration": 3.0041299999938347
}