{
    "id": 63,
    "events": "[]",
    "timestamp_offset": 186.28829000000405,
    "duration": 3.0031699999963166
}