{
    "id": 64,
    "events": "[]",
    "timestamp_offset": 189.29146000000037,
    "duration": 3.003114999999525
}