{
    "id": 65,
    "events": "[]",
    "timestamp_offset": 192.2945749999999,
    "duration": 3.0030950000000303
}