{
    "id": 66,
    "events": "[]",
    "timestamp_offset": 195.29766999999993,
    "duration": 3.0041350000028615
}