{
    "id": 67,
    "events": "[]",
    "timestamp_offset": 198.3018050000028,
    "duration": 3.003144999995129
}