{
    "id": 68,
    "events": "[]",
    "timestamp_offset": 201.30494999999792,
    "duration": 3.003020000003744
}