{
    "id": 69,
    "events": "[]",
    "timestamp_offset": 204.30797000000166,
    "duration": 3.0031999999991967
}