{
    "id": 7,
    "events": "[]",
    "timestamp_offset": 18.019650000002002,
    "duration": 3.0028800000000047
}