{
    "id": 70,
    "events": "[]",
    "timestamp_offset": 207.31117000000086,
    "duration": 3.0047899999990477
}