{
    "id": 71,
    "events": "[]",
    "timestamp_offset": 210.3159599999999,
    "duration": 3.00347000000329
}