{
    "id": 72,
    "events": "[]",
    "timestamp_offset": 213.3194300000032,
    "duration": 3.0031849999941187
}