{
    "id": 73,
    "events": "[]",
    "timestamp_offset": 216.3226149999973,
    "duration": 3.0040550000048825
}