{
    "id": 74,
    "events": "[]",
    "timestamp_offset": 219.3266700000022,
    "duration": 3.0031400000007125
}