{
    "id": 8,
    "events": "[]",
    "timestamp_offset": 21.022530000002007,
    "duration": 3.0031249999956344
}