{
    "id": 81,
    "events": "[]",
    "timestamp_offset": 240.36145000000397,
    "duration": 3.0052249999935157
}