{
    "id": 82,
    "events": "[]",
    "timestamp_offset": 243.36667499999749,
    "duration": 3.004095000003872
}