{
    "id": 83,
    "events": "[]",
    "timestamp_offset": 246.37077000000136,
    "duration": 3.003420000000915
}