{
    "id": 84,
    "events": "[]",
    "timestamp_offset": 249.37419000000227,
    "duration": 3.0038149999963935
}