{
    "id": 85,
    "events": "[]",
    "timestamp_offset": 252.37800499999867,
    "duration": 3.0037300000039977
}