{
    "id": 86,
    "events": "[]",
    "timestamp_offset": 255.38173500000266,
    "duration": 3.003659999994852
}