{
    "id": 87,
    "events": "[]",
    "timestamp_offset": 258.3853949999975,
    "duration": 3.003985000003013
}