{
    "id": 88,
    "events": "[]",
    "timestamp_offset": 261.38938000000053,
    "duration": 3.0041150000033667
}