{
    "id": 9,
    "events": "[]",
    "timestamp_offset": 24.02565499999764,
    "duration": 3.0031250000029104
}