{
    "id": 90,
    "events": "[]",
    "timestamp_offset": 267.3983650000009,
    "duration": 3.0034450000021025
}