{
    "id": 96,
    "events": "[]",
    "timestamp_offset": 285.417475000002,
    "duration": 3.0029649999996764
}