{
    "id": 97,
    "events": "[]",
    "timestamp_offset": 288.4204400000017,
    "duration": 3.0031850000013947
}