{
    "id": 1005,
    "events": "[]",
    "timestamp_offset": 3077.89783,
    "duration": 3.0060999999996274
}