{
    "id": 1006,
    "events": "[]",
    "timestamp_offset": 3080.9039299999995,
    "duration": 3.00606500000041
}