{
    "id": 1007,
    "events": "[]",
    "timestamp_offset": 3083.909995,
    "duration": 3.0061200000001116
}