{
    "id": 1008,
    "events": "[]",
    "timestamp_offset": 3086.9161150000004,
    "duration": 3.0062299999999813
}