{
    "id": 1009,
    "events": "[]",
    "timestamp_offset": 3089.922345000001,
    "duration": 3.006084999999963
}