{
    "id": 1010,
    "events": "[]",
    "timestamp_offset": 3092.928430000001,
    "duration": 3.0069699999992734
}