{
    "id": 1011,
    "events": "[]",
    "timestamp_offset": 3095.9353999999994,
    "duration": 3.006105000000447
}