{
    "id": 1029,
    "events": "[]",
    "timestamp_offset": 3150.09658,
    "duration": 3.0076500000003725
}