{
    "id": 1030,
    "events": "[]",
    "timestamp_offset": 3153.1042300000004,
    "duration": 3.0071149999997577
}