{
    "id": 1032,
    "events": "[]",
    "timestamp_offset": 3159.11742,
    "duration": 3.0100200000004844
}