{
    "id": 1033,
    "events": "[]",
    "timestamp_offset": 3162.12744,
    "duration": 3.0071749999998136
}