{
    "id": 1036,
    "events": "[]",
    "timestamp_offset": 3171.1508049999998,
    "duration": 3.0102949999999256
}