{
    "id": 1039,
    "events": "[]",
    "timestamp_offset": 3180.1730950000006,
    "duration": 3.008119999999646
}