{
    "id": 1040,
    "events": "[]",
    "timestamp_offset": 3183.181215,
    "duration": 3.006094999999739
}