{
    "id": 1058,
    "events": "[]",
    "timestamp_offset": 3237.312915,
    "duration": 3.0061000000005587
}