{
    "id": 1064,
    "events": "[]",
    "timestamp_offset": 3255.352495,
    "duration": 3.0061049999995157
}