{
    "id": 107,
    "events": "[]",
    "timestamp_offset": 320.80682999999993,
    "duration": 3.0070900000000838
}