{
    "id": 108,
    "events": "[]",
    "timestamp_offset": 323.81392000000005,
    "duration": 3.0050949999995065
}