{
    "id": 109,
    "events": "[]",
    "timestamp_offset": 326.8190149999995,
    "duration": 3.005100000000326
}