{
    "id": 1090,
    "events": "[]",
    "timestamp_offset": 3333.551045000001,
    "duration": 3.8208549999999812
}