{
    "id": 1091,
    "events": "[]",
    "timestamp_offset": 3337.3719000000006,
    "duration": 3.998375
}