{
    "id": 1092,
    "events": "[]",
    "timestamp_offset": 3341.370275,
    "duration": 4.000124999999534
}