{
    "id": 11,
    "events": "[]",
    "timestamp_offset": 30.082570000000008,
    "duration": 3.2884249999997555
}