{
    "id": 1102,
    "events": "[]",
    "timestamp_offset": 3381.3713449999996,
    "duration": 3.9993350000004284
}