{
    "id": 1103,
    "events": "[]",
    "timestamp_offset": 3385.3706800000004,
    "duration": 4.000685000000056
}