{
    "id": 1104,
    "events": "[]",
    "timestamp_offset": 3389.3713650000004,
    "duration": 3.998564999999944
}