{
    "id": 1105,
    "events": "[]",
    "timestamp_offset": 3393.3699300000007,
    "duration": 4.000124999999534
}