{
    "id": 1106,
    "events": "[]",
    "timestamp_offset": 3397.370055,
    "duration": 4.000135000000242
}