{
    "id": 1107,
    "events": "[]",
    "timestamp_offset": 3401.3701900000005,
    "duration": 4.000114999999758
}