{
    "id": 1108,
    "events": "[]",
    "timestamp_offset": 3405.370305,
    "duration": 4.0001450000000185
}