{
    "id": 1109,
    "events": "[]",
    "timestamp_offset": 3409.3704500000003,
    "duration": 4.000120000000577
}