{
    "id": 1110,
    "events": "[]",
    "timestamp_offset": 3413.3705700000005,
    "duration": 4.000124999999534
}