{
    "id": 1111,
    "events": "[]",
    "timestamp_offset": 3417.3706950000005,
    "duration": 4.000130000000354
}