{
    "id": 1112,
    "events": "[]",
    "timestamp_offset": 3421.370825,
    "duration": 3.9991249999995344
}