{
    "id": 1113,
    "events": "[]",
    "timestamp_offset": 3425.3699500000002,
    "duration": 4.000120000000577
}