{
    "id": 1114,
    "events": "[]",
    "timestamp_offset": 3429.3700700000004,
    "duration": 4.0001450000000185
}