{
    "id": 1115,
    "events": "[]",
    "timestamp_offset": 3433.370215000001,
    "duration": 4.0003149999999446
}