{
    "id": 1116,
    "events": "[]",
    "timestamp_offset": 3437.37053,
    "duration": 3.999930000000168
}