{
    "id": 1117,
    "events": "[]",
    "timestamp_offset": 3441.370460000001,
    "duration": 4.000129999999422
}