{
    "id": 1118,
    "events": "[]",
    "timestamp_offset": 3445.37059,
    "duration": 4.000135000000242
}