{
    "id": 1119,
    "events": "[]",
    "timestamp_offset": 3449.3707250000007,
    "duration": 3.9991349999997765
}