{
    "id": 1120,
    "events": "[]",
    "timestamp_offset": 3453.3698600000002,
    "duration": 4.000114999999758
}