{
    "id": 1121,
    "events": "[]",
    "timestamp_offset": 3457.3699749999996,
    "duration": 4.000125000000466
}