{
    "id": 1122,
    "events": "[]",
    "timestamp_offset": 3461.3701000000005,
    "duration": 4.000120000000112
}