{
    "id": 1123,
    "events": "[]",
    "timestamp_offset": 3465.3702200000007,
    "duration": 4.000139999999664
}