{
    "id": 1124,
    "events": "[]",
    "timestamp_offset": 3469.3703600000003,
    "duration": 4.000125
}