{
    "id": 1125,
    "events": "[]",
    "timestamp_offset": 3473.3704850000004,
    "duration": 4.000140000000131
}