{
    "id": 1126,
    "events": "[]",
    "timestamp_offset": 3477.370625,
    "duration": 4.00010999999987
}