{
    "id": 1127,
    "events": "[]",
    "timestamp_offset": 3481.3707350000004,
    "duration": 3.9991349999997765
}