{
    "id": 1128,
    "events": "[]",
    "timestamp_offset": 3485.36987,
    "duration": 4.000125000000466
}