{
    "id": 1129,
    "events": "[]",
    "timestamp_offset": 3489.369995,
    "duration": 4.000134999999311
}