{
    "id": 1130,
    "events": "[]",
    "timestamp_offset": 3493.37013,
    "duration": 4.000120000000577
}