{
    "id": 1131,
    "events": "[]",
    "timestamp_offset": 3497.37025,
    "duration": 4.000129999999422
}