{
    "id": 1132,
    "events": "[]",
    "timestamp_offset": 3501.37038,
    "duration": 4.000125000000466
}