{
    "id": 1140,
    "events": "[]",
    "timestamp_offset": 3533.3710200000005,
    "duration": 3.9995299999997953
}