{
    "id": 1141,
    "events": "[]",
    "timestamp_offset": 3537.3705499999996,
    "duration": 4.000104999999982
}