{
    "id": 1142,
    "events": "[]",
    "timestamp_offset": 3541.370655,
    "duration": 4.001280000000726
}