{
    "id": 1143,
    "events": "[]",
    "timestamp_offset": 3545.3719350000006,
    "duration": 3.9979799999999814
}