{
    "id": 1144,
    "events": "[]",
    "timestamp_offset": 3549.369915000001,
    "duration": 4.000129999999422
}