{
    "id": 1154,
    "events": "[]",
    "timestamp_offset": 3589.3702000000003,
    "duration": 4.000115000000689
}