{
    "id": 1155,
    "events": "[]",
    "timestamp_offset": 3593.3703150000006,
    "duration": 4.000764999999665
}