{
    "id": 1156,
    "events": "[]",
    "timestamp_offset": 3597.37108,
    "duration": 3.999495000000112
}