{
    "id": 1157,
    "events": "[]",
    "timestamp_offset": 3601.3705750000004,
    "duration": 4.000140000000131
}