{
    "id": 1181,
    "events": "[]",
    "timestamp_offset": 3697.3706400000005,
    "duration": 4.000220000000205
}