{
    "id": 1182,
    "events": "[]",
    "timestamp_offset": 3701.3708600000004,
    "duration": 3.9989999999995343
}