{
    "id": 1185,
    "events": "[]",
    "timestamp_offset": 3713.37015,
    "duration": 4.000119999999646
}