{
    "id": 12,
    "events": "[]",
    "timestamp_offset": 33.37099499999976,
    "duration": 3.9990850000003704
}