{
    "id": 1203,
    "events": "[]",
    "timestamp_offset": 3785.3706400000005,
    "duration": 4.001915000000038
}