{
    "id": 1217,
    "events": "[]",
    "timestamp_offset": 3841.370285,
    "duration": 4.000070000000298
}