{
    "id": 1238,
    "events": "[]",
    "timestamp_offset": 3925.3699300000007,
    "duration": 4.000114999998827
}