{
    "id": 1239,
    "events": "[]",
    "timestamp_offset": 3929.370045,
    "duration": 4.000135000000242
}