{
    "id": 1274,
    "events": "[]",
    "timestamp_offset": 4069.3705100000006,
    "duration": 3.011070000000298
}