{
    "id": 1277,
    "events": "[]",
    "timestamp_offset": 4078.3947650000005,
    "duration": 3.006094999998808
}