{
    "id": 1278,
    "events": "[]",
    "timestamp_offset": 4081.4008599999993,
    "duration": 3.0061000000005587
}