{
    "id": 1282,
    "events": "[]",
    "timestamp_offset": 4093.428240000001,
    "duration": 3.0061049999985845
}