{
    "id": 1283,
    "events": "[]",
    "timestamp_offset": 4096.434345,
    "duration": 3.006085000000894
}