{
    "id": 1284,
    "events": "[]",
    "timestamp_offset": 4099.440430000001,
    "duration": 3.005094999999739
}