{
    "id": 1285,
    "events": "[]",
    "timestamp_offset": 4102.445525,
    "duration": 3.006099999998696
}