{
    "id": 1286,
    "events": "[]",
    "timestamp_offset": 4105.451624999999,
    "duration": 3.0060950000006708
}