{
    "id": 1287,
    "events": "[]",
    "timestamp_offset": 4108.457719999999,
    "duration": 3.0061000000005587
}