{
    "id": 1289,
    "events": "[]",
    "timestamp_offset": 4114.469975,
    "duration": 3.0062500000009313
}