{
    "id": 1290,
    "events": "[]",
    "timestamp_offset": 4117.476225,
    "duration": 3.0058799999998884
}