{
    "id": 1291,
    "events": "[]",
    "timestamp_offset": 4120.482105,
    "duration": 3.006014999999665
}