{
    "id": 13,
    "events": "[]",
    "timestamp_offset": 37.37008000000013,
    "duration": 3.752359999999957
}