{
    "id": 1306,
    "events": "[]",
    "timestamp_offset": 4165.583555000001,
    "duration": 3.0080800000000747
}