{
    "id": 1307,
    "events": "[]",
    "timestamp_offset": 4168.591635000001,
    "duration": 3.007099999998696
}