{
    "id": 1308,
    "events": "[]",
    "timestamp_offset": 4171.598735,
    "duration": 3.0061850000005217
}