{
    "id": 1311,
    "events": "[]",
    "timestamp_offset": 4180.618055000001,
    "duration": 3.006079999999143
}