{
    "id": 1330,
    "events": "[]",
    "timestamp_offset": 4237.780855000001,
    "duration": 3.0070949999988077
}