{
    "id": 1339,
    "events": "[]",
    "timestamp_offset": 4264.868454999999,
    "duration": 3.501589999999851
}