{
    "id": 1340,
    "events": "[]",
    "timestamp_offset": 4268.370044999999,
    "duration": 3.0048850000007077
}