{
    "id": 1341,
    "events": "[]",
    "timestamp_offset": 4271.37493,
    "duration": 3.0060900000007824
}