{
    "id": 1385,
    "events": "[]",
    "timestamp_offset": 4403.73815,
    "duration": 3.0060899999989195
}