{
    "id": 141,
    "events": "[]",
    "timestamp_offset": 423.0830950000004,
    "duration": 3.0070949999998557
}