{
    "id": 142,
    "events": "[]",
    "timestamp_offset": 426.0901900000003,
    "duration": 3.006094999999739
}