{
    "id": 1444,
    "events": "[]",
    "timestamp_offset": 4581.244814999999,
    "duration": 3.0080900000017134
}