{
    "id": 1473,
    "events": "[]",
    "timestamp_offset": 4668.467455,
    "duration": 3.0082350000003353
}