{
    "id": 1487,
    "events": "[]",
    "timestamp_offset": 4710.594935,
    "duration": 3.006149999999441
}