{
    "id": 1500,
    "events": "[]",
    "timestamp_offset": 4749.692190000002,
    "duration": 3.0069599999990313
}