{
    "id": 1515,
    "events": "[]",
    "timestamp_offset": 4794.804625,
    "duration": 3.006105000000447
}