{
    "id": 1516,
    "events": "[]",
    "timestamp_offset": 4797.81073,
    "duration": 3.0060950000006708
}