{
    "id": 1517,
    "events": "[]",
    "timestamp_offset": 4800.816825000001,
    "duration": 3.006099999998696
}