{
    "id": 152,
    "events": "[]",
    "timestamp_offset": 464.3704400000002,
    "duration": 4.0001350000001255
}