{
    "id": 1523,
    "events": "[]",
    "timestamp_offset": 4818.856400000001,
    "duration": 3.0091399999996646
}