{
    "id": 1527,
    "events": "[]",
    "timestamp_offset": 4830.888785000001,
    "duration": 3.0060950000006708
}