{
    "id": 153,
    "events": "[]",
    "timestamp_offset": 468.3705750000003,
    "duration": 4.000124999999651
}