{
    "id": 1531,
    "events": "[]",
    "timestamp_offset": 4842.916020000001,
    "duration": 3.0072450000001116
}