{
    "id": 154,
    "events": "[]",
    "timestamp_offset": 472.37069999999994,
    "duration": 4.0002050000003075
}