{
    "id": 1543,
    "events": "[]",
    "timestamp_offset": 4879.0022850000005,
    "duration": 3.3683300000010057
}