{
    "id": 155,
    "events": "[]",
    "timestamp_offset": 476.3709050000003,
    "duration": 3.999049999999348
}