{
    "id": 1560,
    "events": "[]",
    "timestamp_offset": 4946.371120000001,
    "duration": 3.999514999999665
}