{
    "id": 1561,
    "events": "[]",
    "timestamp_offset": 4950.370635000001,
    "duration": 4.00011999999918
}