{
    "id": 1562,
    "events": "[]",
    "timestamp_offset": 4954.370755,
    "duration": 3.999129999999888
}