{
    "id": 1563,
    "events": "[]",
    "timestamp_offset": 4958.369885,
    "duration": 4.000125000000931
}