{
    "id": 1564,
    "events": "[]",
    "timestamp_offset": 4962.370010000001,
    "duration": 4.0001299999998885
}