{
    "id": 1565,
    "events": "[]",
    "timestamp_offset": 4966.370140000001,
    "duration": 4.000125000000931
}