{
    "id": 1566,
    "events": "[]",
    "timestamp_offset": 4970.370265000001,
    "duration": 4.000134999999776
}