{
    "id": 1567,
    "events": "[]",
    "timestamp_offset": 4974.370400000002,
    "duration": 4.000124999999069
}