{
    "id": 1568,
    "events": "[]",
    "timestamp_offset": 4978.370525,
    "duration": 4.000125
}