{
    "id": 1569,
    "events": "[]",
    "timestamp_offset": 4982.370650000001,
    "duration": 4.000125000000931
}