{
    "id": 1570,
    "events": "[]",
    "timestamp_offset": 4986.370775000001,
    "duration": 3.9991349999997765
}