{
    "id": 1571,
    "events": "[]",
    "timestamp_offset": 4990.369910000001,
    "duration": 4.000124999998137
}