{
    "id": 1572,
    "events": "[]",
    "timestamp_offset": 4994.370034999999,
    "duration": 4.000125000000931
}