{
    "id": 1573,
    "events": "[]",
    "timestamp_offset": 4998.37016,
    "duration": 4.0001200000010435
}