{
    "id": 1574,
    "events": "[]",
    "timestamp_offset": 5002.370280000001,
    "duration": 4.000125
}