{
    "id": 1575,
    "events": "[]",
    "timestamp_offset": 5006.3704050000015,
    "duration": 4.000140000000596
}