{
    "id": 1576,
    "events": "[]",
    "timestamp_offset": 5010.370545000002,
    "duration": 4.00015499999933
}