{
    "id": 1577,
    "events": "[]",
    "timestamp_offset": 5014.370700000001,
    "duration": 4.000089999999851
}