{
    "id": 1578,
    "events": "[]",
    "timestamp_offset": 5018.370790000001,
    "duration": 3.999125
}