{
    "id": 1583,
    "events": "[]",
    "timestamp_offset": 5038.370425000001,
    "duration": 4.000125000000931
}