{
    "id": 1584,
    "events": "[]",
    "timestamp_offset": 5042.3705500000015,
    "duration": 4.000144999999553
}