{
    "id": 1585,
    "events": "[]",
    "timestamp_offset": 5046.370695000001,
    "duration": 4.000114999999292
}