{
    "id": 1600,
    "events": "[]",
    "timestamp_offset": 5106.370635000001,
    "duration": 4.0001049999995155
}