{
    "id": 1608,
    "events": "[]",
    "timestamp_offset": 5138.370635000001,
    "duration": 4.0001200000010435
}