{
    "id": 1609,
    "events": "[]",
    "timestamp_offset": 5142.370755000002,
    "duration": 4.000239999999292
}