{
    "id": 1610,
    "events": "[]",
    "timestamp_offset": 5146.370995000001,
    "duration": 3.99943499999959
}