{
    "id": 1611,
    "events": "[]",
    "timestamp_offset": 5150.370430000001,
    "duration": 3.999714999999851
}