{
    "id": 1612,
    "events": "[]",
    "timestamp_offset": 5154.370145000001,
    "duration": 4.000135000000708
}