{
    "id": 1613,
    "events": "[]",
    "timestamp_offset": 5158.370280000001,
    "duration": 4.000094999998808
}