{
    "id": 1614,
    "events": "[]",
    "timestamp_offset": 5162.370375,
    "duration": 4.000150000000373
}