{
    "id": 1615,
    "events": "[]",
    "timestamp_offset": 5166.370525,
    "duration": 4.000134999999776
}