{
    "id": 1616,
    "events": "[]",
    "timestamp_offset": 5170.3706600000005,
    "duration": 4.001700000001118
}