{
    "id": 1617,
    "events": "[]",
    "timestamp_offset": 5174.372360000001,
    "duration": 3.997549999999814
}