{
    "id": 1618,
    "events": "[]",
    "timestamp_offset": 5178.369910000001,
    "duration": 4.0001299999998885
}