{
    "id": 1619,
    "events": "[]",
    "timestamp_offset": 5182.370040000001,
    "duration": 4.00011999999918
}