{
    "id": 1620,
    "events": "[]",
    "timestamp_offset": 5186.37016,
    "duration": 4.00010000000149
}