{
    "id": 1621,
    "events": "[]",
    "timestamp_offset": 5190.3702600000015,
    "duration": 4.00015499999933
}