{
    "id": 1622,
    "events": "[]",
    "timestamp_offset": 5194.370415000001,
    "duration": 4.000135000000708
}