{
    "id": 1623,
    "events": "[]",
    "timestamp_offset": 5198.3705500000015,
    "duration": 4.0001149999983605
}