{
    "id": 163,
    "events": "[]",
    "timestamp_offset": 508.3698300000001,
    "duration": 4.000130000000354
}