{
    "id": 164,
    "events": "[]",
    "timestamp_offset": 512.3699600000004,
    "duration": 4.0001450000000185
}