{
    "id": 1640,
    "events": "[]",
    "timestamp_offset": 5266.370720000001,
    "duration": 3.999125
}