{
    "id": 1643,
    "events": "[]",
    "timestamp_offset": 5278.370105,
    "duration": 4.000130000000819
}