{
    "id": 1644,
    "events": "[]",
    "timestamp_offset": 5282.370235,
    "duration": 4.000125
}