{
    "id": 1645,
    "events": "[]",
    "timestamp_offset": 5286.37036,
    "duration": 4.000130000000819
}