{
    "id": 1646,
    "events": "[]",
    "timestamp_offset": 5290.370490000001,
    "duration": 4.000119999998249
}