{
    "id": 1647,
    "events": "[]",
    "timestamp_offset": 5294.370609999999,
    "duration": 4.000130000000819
}