{
    "id": 1648,
    "events": "[]",
    "timestamp_offset": 5298.37074,
    "duration": 3.999120000000112
}