{
    "id": 1649,
    "events": "[]",
    "timestamp_offset": 5302.369860000001,
    "duration": 4.000425000000745
}