{
    "id": 165,
    "events": "[]",
    "timestamp_offset": 516.3701050000004,
    "duration": 4.000114999999758
}