{
    "id": 1650,
    "events": "[]",
    "timestamp_offset": 5306.370285000001,
    "duration": 3.9998449999997394
}