{
    "id": 1651,
    "events": "[]",
    "timestamp_offset": 5310.370130000001,
    "duration": 4.00011999999918
}