{
    "id": 1652,
    "events": "[]",
    "timestamp_offset": 5314.37025,
    "duration": 4.000125
}