{
    "id": 1653,
    "events": "[]",
    "timestamp_offset": 5318.370375,
    "duration": 4.000130000000819
}