{
    "id": 1654,
    "events": "[]",
    "timestamp_offset": 5322.370505000001,
    "duration": 4.000134999999776
}