{
    "id": 1655,
    "events": "[]",
    "timestamp_offset": 5326.370640000001,
    "duration": 4.000115000001155
}