{
    "id": 1656,
    "events": "[]",
    "timestamp_offset": 5330.370755000002,
    "duration": 3.9991549999993294
}