{
    "id": 1657,
    "events": "[]",
    "timestamp_offset": 5334.369910000001,
    "duration": 4.000114999999292
}