{
    "id": 1658,
    "events": "[]",
    "timestamp_offset": 5338.370025,
    "duration": 4.000125
}