{
    "id": 1659,
    "events": "[]",
    "timestamp_offset": 5342.370150000001,
    "duration": 4.0001200000010435
}