{
    "id": 166,
    "events": "[]",
    "timestamp_offset": 520.3702200000002,
    "duration": 4.000129999999422
}