{
    "id": 1666,
    "events": "[]",
    "timestamp_offset": 5370.370045000001,
    "duration": 4.000129999998957
}