{
    "id": 1667,
    "events": "[]",
    "timestamp_offset": 5374.370175,
    "duration": 4.000120000000112
}