{
    "id": 1668,
    "events": "[]",
    "timestamp_offset": 5378.370295,
    "duration": 4.000125000000931
}