{
    "id": 1669,
    "events": "[]",
    "timestamp_offset": 5382.370420000001,
    "duration": 4.000130000000819
}