{
    "id": 167,
    "events": "[]",
    "timestamp_offset": 524.3703499999996,
    "duration": 4.000165000000386
}