{
    "id": 1678,
    "events": "[]",
    "timestamp_offset": 5418.37057,
    "duration": 4.000115000001155
}