{
    "id": 168,
    "events": "[]",
    "timestamp_offset": 528.3705150000001,
    "duration": 4.0000799999998415
}