{
    "id": 1682,
    "events": "[]",
    "timestamp_offset": 5434.370075,
    "duration": 4.000135000000708
}