{
    "id": 169,
    "events": "[]",
    "timestamp_offset": 532.3705949999999,
    "duration": 4.0001450000000185
}