{
    "id": 170,
    "events": "[]",
    "timestamp_offset": 536.3707399999998,
    "duration": 3.999104999999865
}