{
    "id": 1706,
    "events": "[]",
    "timestamp_offset": 5530.370140000001,
    "duration": 4.000140000000596
}