{
    "id": 171,
    "events": "[]",
    "timestamp_offset": 540.3698449999997,
    "duration": 4.00015500000061
}