{
    "id": 1710,
    "events": "[]",
    "timestamp_offset": 5546.370655000001,
    "duration": 4.000145000000484
}