{
    "id": 1711,
    "events": "[]",
    "timestamp_offset": 5550.370800000001,
    "duration": 3.999504999998957
}