{
    "id": 1712,
    "events": "[]",
    "timestamp_offset": 5554.3703049999995,
    "duration": 3.999735000001267
}