{
    "id": 1713,
    "events": "[]",
    "timestamp_offset": 5558.370040000001,
    "duration": 4.000129999998957
}