{
    "id": 1714,
    "events": "[]",
    "timestamp_offset": 5562.37017,
    "duration": 4.000595000001602
}