{
    "id": 1715,
    "events": "[]",
    "timestamp_offset": 5566.3707650000015,
    "duration": 3.9996599999992175
}