{
    "id": 1716,
    "events": "[]",
    "timestamp_offset": 5570.370425000001,
    "duration": 4.000125000000931
}