{
    "id": 1717,
    "events": "[]",
    "timestamp_offset": 5574.3705500000015,
    "duration": 4.000124999998137
}