{
    "id": 1718,
    "events": "[]",
    "timestamp_offset": 5578.370675,
    "duration": 4.000125000000931
}