{
    "id": 1719,
    "events": "[]",
    "timestamp_offset": 5582.370800000001,
    "duration": 3.9991349999997765
}