{
    "id": 172,
    "events": "[]",
    "timestamp_offset": 544.3700000000003,
    "duration": 4.000114999999758
}