{
    "id": 1720,
    "events": "[]",
    "timestamp_offset": 5586.369935000001,
    "duration": 4.000125
}