{
    "id": 1722,
    "events": "[]",
    "timestamp_offset": 5594.370200000001,
    "duration": 3.0120549999987705
}