{
    "id": 1727,
    "events": "[]",
    "timestamp_offset": 5609.4126400000005,
    "duration": 3.0070900000007823
}