{
    "id": 1728,
    "events": "[]",
    "timestamp_offset": 5612.419730000001,
    "duration": 3.006289999999106
}