{
    "id": 1729,
    "events": "[]",
    "timestamp_offset": 5615.426020000001,
    "duration": 3.006915000000037
}