{
    "id": 173,
    "events": "[]",
    "timestamp_offset": 548.370115,
    "duration": 4.000135000000242
}