{
    "id": 1730,
    "events": "[]",
    "timestamp_offset": 5618.432935000001,
    "duration": 3.0060900000007824
}