{
    "id": 1731,
    "events": "[]",
    "timestamp_offset": 5621.4390250000015,
    "duration": 3.004574999999255
}