{
    "id": 1732,
    "events": "[]",
    "timestamp_offset": 5624.4436000000005,
    "duration": 3.006605000000447
}