{
    "id": 1733,
    "events": "[]",
    "timestamp_offset": 5627.450205000001,
    "duration": 3.0061200000001116
}