{
    "id": 1734,
    "events": "[]",
    "timestamp_offset": 5630.456325000001,
    "duration": 3.006079999999143
}