{
    "id": 1735,
    "events": "[]",
    "timestamp_offset": 5633.462405,
    "duration": 3.0061000000005587
}