{
    "id": 1736,
    "events": "[]",
    "timestamp_offset": 5636.468505000001,
    "duration": 3.0098149999994783
}