{
    "id": 1737,
    "events": "[]",
    "timestamp_offset": 5639.47832,
    "duration": 3.003379999999888
}