{
    "id": 1739,
    "events": "[]",
    "timestamp_offset": 5645.485795,
    "duration": 3.007429999999702
}