{
    "id": 174,
    "events": "[]",
    "timestamp_offset": 552.3702500000004,
    "duration": 4.000119999999763
}