{
    "id": 1740,
    "events": "[]",
    "timestamp_offset": 5648.493224999999,
    "duration": 3.007765000000596
}