{
    "id": 1741,
    "events": "[]",
    "timestamp_offset": 5651.5009900000005,
    "duration": 3.0060750000011174
}