{
    "id": 1742,
    "events": "[]",
    "timestamp_offset": 5654.507065000002,
    "duration": 3.007804999999702
}