{
    "id": 1743,
    "events": "[]",
    "timestamp_offset": 5657.514870000001,
    "duration": 3.005399999999441
}