{
    "id": 1744,
    "events": "[]",
    "timestamp_offset": 5660.520270000001,
    "duration": 3.0049749999996274
}