{
    "id": 1745,
    "events": "[]",
    "timestamp_offset": 5663.525245,
    "duration": 3.0052300000013785
}