{
    "id": 1746,
    "events": "[]",
    "timestamp_offset": 5666.530475000001,
    "duration": 3.004089999999851
}