{
    "id": 1747,
    "events": "[]",
    "timestamp_offset": 5669.534565000002,
    "duration": 3.0061149999983607
}