{
    "id": 1748,
    "events": "[]",
    "timestamp_offset": 5672.54068,
    "duration": 3.0070750000011177
}