{
    "id": 1749,
    "events": "[]",
    "timestamp_offset": 5675.5477550000005,
    "duration": 3.0249000000003727
}