{
    "id": 175,
    "events": "[]",
    "timestamp_offset": 556.3703700000001,
    "duration": 4.000140000000014
}