{
    "id": 1750,
    "events": "[]",
    "timestamp_offset": 5678.572655000001,
    "duration": 3.7975499999998137
}