{
    "id": 1752,
    "events": "[]",
    "timestamp_offset": 5686.370120000001,
    "duration": 4.000130000000819
}