{
    "id": 1753,
    "events": "[]",
    "timestamp_offset": 5690.370250000002,
    "duration": 4.000129999998026
}