{
    "id": 1754,
    "events": "[]",
    "timestamp_offset": 5694.37038,
    "duration": 4.000135000000708
}