{
    "id": 1755,
    "events": "[]",
    "timestamp_offset": 5698.3705150000005,
    "duration": 4.000110000000335
}