{
    "id": 1756,
    "events": "[]",
    "timestamp_offset": 5702.370625000001,
    "duration": 4.000135000000708
}