{
    "id": 1757,
    "events": "[]",
    "timestamp_offset": 5706.370760000002,
    "duration": 3.9991049999985844
}