{
    "id": 1758,
    "events": "[]",
    "timestamp_offset": 5710.369865000001,
    "duration": 4.000145000000484
}