{
    "id": 1759,
    "events": "[]",
    "timestamp_offset": 5714.370010000001,
    "duration": 4.0001299999998885
}