{
    "id": 176,
    "events": "[]",
    "timestamp_offset": 560.3705100000001,
    "duration": 4.000114999999874
}