{
    "id": 1760,
    "events": "[]",
    "timestamp_offset": 5718.370140000001,
    "duration": 4.000125000000931
}