{
    "id": 1761,
    "events": "[]",
    "timestamp_offset": 5722.370265000001,
    "duration": 4.000134999999776
}