{
    "id": 1762,
    "events": "[]",
    "timestamp_offset": 5726.370400000002,
    "duration": 4.000129999998957
}