{
    "id": 1763,
    "events": "[]",
    "timestamp_offset": 5730.37053,
    "duration": 4.000120000000112
}