{
    "id": 177,
    "events": "[]",
    "timestamp_offset": 564.370625,
    "duration": 4.000124999999534
}