{
    "id": 1771,
    "events": "[]",
    "timestamp_offset": 5762.370545000002,
    "duration": 4.000124999998137
}