{
    "id": 1772,
    "events": "[]",
    "timestamp_offset": 5766.37067,
    "duration": 4.000130000000819
}