{
    "id": 1773,
    "events": "[]",
    "timestamp_offset": 5770.370800000001,
    "duration": 3.999129999999888
}