{
    "id": 1774,
    "events": "[]",
    "timestamp_offset": 5774.369930000001,
    "duration": 4.000125
}