{
    "id": 1775,
    "events": "[]",
    "timestamp_offset": 5778.370055,
    "duration": 4.000125000000931
}