{
    "id": 178,
    "events": "[]",
    "timestamp_offset": 568.3707499999996,
    "duration": 3.9991250000003493
}