{
    "id": 1785,
    "events": "[]",
    "timestamp_offset": 5817.590265000001,
    "duration": 3.0190999999996273
}