{
    "id": 179,
    "events": "[]",
    "timestamp_offset": 572.3698749999999,
    "duration": 4.000125000000466
}