{
    "id": 180,
    "events": "[]",
    "timestamp_offset": 576.3700000000003,
    "duration": 4.000134999999311
}