{
    "id": 181,
    "events": "[]",
    "timestamp_offset": 580.3701349999997,
    "duration": 4.000130000000354
}