{
    "id": 182,
    "events": "[]",
    "timestamp_offset": 584.370265,
    "duration": 4.000119999999646
}