{
    "id": 1829,
    "events": "[]",
    "timestamp_offset": 5949.971500000001,
    "duration": 3.0070949999997394
}