{
    "id": 183,
    "events": "[]",
    "timestamp_offset": 588.3703849999997,
    "duration": 4.000125000000466
}