{
    "id": 184,
    "events": "[]",
    "timestamp_offset": 592.3705100000001,
    "duration": 4.0001299999995386
}