{
    "id": 185,
    "events": "[]",
    "timestamp_offset": 596.3706399999996,
    "duration": 4.000150000000722
}