{
    "id": 1859,
    "events": "[]",
    "timestamp_offset": 6040.201384999999,
    "duration": 3.008095000001602
}