{
    "id": 186,
    "events": "[]",
    "timestamp_offset": 600.3707900000004,
    "duration": 3.240414999999339
}