{
    "id": 187,
    "events": "[]",
    "timestamp_offset": 603.6112049999997,
    "duration": 3.7591950000005308
}