{
    "id": 1875,
    "events": "[]",
    "timestamp_offset": 6088.332920000001,
    "duration": 3.007035000000149
}