{
    "id": 188,
    "events": "[]",
    "timestamp_offset": 607.3704000000002,
    "duration": 3.0086849999997067
}