{
    "id": 189,
    "events": "[]",
    "timestamp_offset": 610.3790849999999,
    "duration": 3.991180000000051
}