{
    "id": 190,
    "events": "[]",
    "timestamp_offset": 614.370265,
    "duration": 4.0000950000003215
}