{
    "id": 1901,
    "events": "[]",
    "timestamp_offset": 6166.556430000001,
    "duration": 3.006085000000894
}