{
    "id": 1904,
    "events": "[]",
    "timestamp_offset": 6175.581700000001,
    "duration": 3.0140950000006708
}