{
    "id": 191,
    "events": "[]",
    "timestamp_offset": 618.3703600000003,
    "duration": 4.000114999999874
}