{
    "id": 192,
    "events": "[]",
    "timestamp_offset": 622.3704750000002,
    "duration": 4.000124999999534
}