{
    "id": 193,
    "events": "[]",
    "timestamp_offset": 626.3705999999997,
    "duration": 4.000125000000466
}