{
    "id": 1939,
    "events": "[]",
    "timestamp_offset": 6280.887910000001,
    "duration": 3.482299999999814
}