{
    "id": 194,
    "events": "[]",
    "timestamp_offset": 630.3707250000002,
    "duration": 3.999130000000121
}