{
    "id": 1940,
    "events": "[]",
    "timestamp_offset": 6284.370210000001,
    "duration": 4.0001299999998885
}