{
    "id": 1947,
    "events": "[{\"type\":\"stdin\",\"target\":\"Main player:tab[1]\",\"data\":\"G1szODs1OzI1NW1qCBsoQhtbbQ==\",\"delta_time\":6316.318730000001}]",
    "timestamp_offset": 6312.370105000002,
    "duration": 4.000129999998957
}