{
    "id": 1949,
    "events": "[]",
    "timestamp_offset": 6320.3704050000015,
    "duration": 4.00006500000041
}