{
    "id": 195,
    "events": "[]",
    "timestamp_offset": 634.3698550000004,
    "duration": 4.000124999999651
}