{
    "id": 1950,
    "events": "[]",
    "timestamp_offset": 6324.370470000002,
    "duration": 4.000344999998808
}