{
    "id": 1951,
    "events": "[]",
    "timestamp_offset": 6328.370815,
    "duration": 3.9999050000002607
}