{
    "id": 1952,
    "events": "[]",
    "timestamp_offset": 6332.370720000001,
    "duration": 3.9999850000003354
}