{
    "id": 1953,
    "events": "[]",
    "timestamp_offset": 6336.370705000001,
    "duration": 3.999299999999814
}