{
    "id": 1954,
    "events": "[]",
    "timestamp_offset": 6340.370005000001,
    "duration": 4.000734999999404
}