{
    "id": 1955,
    "events": "[]",
    "timestamp_offset": 6344.37074,
    "duration": 3.999585000000894
}