{
    "id": 1956,
    "events": "[]",
    "timestamp_offset": 6348.370325000001,
    "duration": 4.002199999999255
}