{
    "id": 196,
    "events": "[]",
    "timestamp_offset": 638.3699799999999,
    "duration": 4.0001350000001255
}