{
    "id": 1961,
    "events": "[]",
    "timestamp_offset": 6368.371730000001,
    "duration": 3.999089999999851
}