{
    "id": 1962,
    "events": "[]",
    "timestamp_offset": 6372.37082,
    "duration": 3.999890000000596
}