{
    "id": 1963,
    "events": "[]",
    "timestamp_offset": 6376.370710000001,
    "duration": 3.9996299999998883
}