{
    "id": 1964,
    "events": "[]",
    "timestamp_offset": 6380.37034,
    "duration": 4.000070000000298
}