{
    "id": 1965,
    "events": "[]",
    "timestamp_offset": 6384.370410000001,
    "duration": 4.000144999999553
}