{
    "id": 1966,
    "events": "[]",
    "timestamp_offset": 6388.370555,
    "duration": 3.999870000000112
}