{
    "id": 1967,
    "events": "[]",
    "timestamp_offset": 6392.370425000001,
    "duration": 4.000340000000782
}