{
    "id": 1968,
    "events": "[]",
    "timestamp_offset": 6396.3707650000015,
    "duration": 4.000249999999069
}