{
    "id": 1969,
    "events": "[]",
    "timestamp_offset": 6400.371015000001,
    "duration": 4.000550000000745
}