{
    "id": 197,
    "events": "[]",
    "timestamp_offset": 642.370115,
    "duration": 4.000124999999651
}