{
    "id": 1970,
    "events": "[]",
    "timestamp_offset": 6404.371565000001,
    "duration": 3.998809999998659
}