{
    "id": 1971,
    "events": "[]",
    "timestamp_offset": 6408.370375,
    "duration": 4.000685000001453
}