{
    "id": 1972,
    "events": "[]",
    "timestamp_offset": 6412.371060000001,
    "duration": 3.9995649999994787
}