{
    "id": 1973,
    "events": "[]",
    "timestamp_offset": 6416.370625000001,
    "duration": 4.000244999999181
}