{
    "id": 1974,
    "events": "[]",
    "timestamp_offset": 6420.37087,
    "duration": 3.999879999999888
}