{
    "id": 1975,
    "events": "[]",
    "timestamp_offset": 6424.37075,
    "duration": 3.999100000000559
}