{
    "id": 1976,
    "events": "[]",
    "timestamp_offset": 6428.369850000001,
    "duration": 4.000070000000298
}