{
    "id": 1977,
    "events": "[]",
    "timestamp_offset": 6432.369920000001,
    "duration": 3.0050699999993666
}