{
    "id": 1978,
    "events": "[]",
    "timestamp_offset": 6435.37499,
    "duration": 3.9966100000003353
}