{
    "id": 198,
    "events": "[]",
    "timestamp_offset": 646.3702399999997,
    "duration": 4.000120000000577
}