{
    "id": 1980,
    "events": "[]",
    "timestamp_offset": 6443.370285000001,
    "duration": 4.000159999999218
}