{
    "id": 199,
    "events": "[]",
    "timestamp_offset": 650.3703600000003,
    "duration": 4.000129999999422
}