{
    "id": 1991,
    "events": "[]",
    "timestamp_offset": 6487.370700000001,
    "duration": 4.000099999999628
}