{
    "id": 1992,
    "events": "[]",
    "timestamp_offset": 6491.370800000001,
    "duration": 3.9991349999997765
}