{
    "id": 1993,
    "events": "[]",
    "timestamp_offset": 6495.369935000001,
    "duration": 4.0001299999998885
}