{
    "id": 1994,
    "events": "[]",
    "timestamp_offset": 6499.370065,
    "duration": 4.000110000001267
}