{
    "id": 1995,
    "events": "[]",
    "timestamp_offset": 6503.370175000002,
    "duration": 4.000164999999106
}