{
    "id": 1996,
    "events": "[]",
    "timestamp_offset": 6507.37034,
    "duration": 4.000140000000596
}