{
    "id": 1997,
    "events": "[]",
    "timestamp_offset": 6511.370480000001,
    "duration": 4.000679999998771
}