{
    "id": 2,
    "events": "[]",
    "timestamp_offset": 3.000915000000066,
    "duration": 3.006859999999957
}