{
    "id": 200,
    "events": "[]",
    "timestamp_offset": 654.3704899999998,
    "duration": 4.000125000000466
}