{
    "id": 201,
    "events": "[]",
    "timestamp_offset": 658.3706150000003,
    "duration": 4.000134999999311
}