{
    "id": 2013,
    "events": "[]",
    "timestamp_offset": 6575.370510000001,
    "duration": 4.000125
}