{
    "id": 2014,
    "events": "[]",
    "timestamp_offset": 6579.370635000001,
    "duration": 4.000130000000819
}