{
    "id": 2015,
    "events": "[]",
    "timestamp_offset": 6583.3707650000015,
    "duration": 3.9997649999987335
}