{
    "id": 202,
    "events": "[]",
    "timestamp_offset": 662.3707499999996,
    "duration": 3.0103950000002513
}