{
    "id": 2029,
    "events": "[]",
    "timestamp_offset": 6639.370555,
    "duration": 4.00011999999918
}