{
    "id": 2031,
    "events": "[]",
    "timestamp_offset": 6647.371295000001,
    "duration": 3.998910000000149
}