{
    "id": 2032,
    "events": "[]",
    "timestamp_offset": 6651.370205000001,
    "duration": 4.000469999998808
}