{
    "id": 2033,
    "events": "[]",
    "timestamp_offset": 6655.370675,
    "duration": 3.9995400000009687
}