{
    "id": 2034,
    "events": "[]",
    "timestamp_offset": 6659.370215000001,
    "duration": 4.000099999998696
}