{
    "id": 2060,
    "events": "[]",
    "timestamp_offset": 6763.370500000001,
    "duration": 4.0001299999998885
}