{
    "id": 2061,
    "events": "[]",
    "timestamp_offset": 6767.370630000001,
    "duration": 4.000155000000261
}