{
    "id": 2062,
    "events": "[]",
    "timestamp_offset": 6771.370785000001,
    "duration": 3.9991150000002236
}