{
    "id": 2063,
    "events": "[]",
    "timestamp_offset": 6775.3699000000015,
    "duration": 4.000169999998994
}