{
    "id": 2079,
    "events": "[]",
    "timestamp_offset": 6839.369935000001,
    "duration": 4.000134999999776
}