{
    "id": 2117,
    "events": "[]",
    "timestamp_offset": 6991.370780000001,
    "duration": 3.9991349999997765
}