{
    "id": 2120,
    "events": "[]",
    "timestamp_offset": 7003.37016,
    "duration": 4.000134999999776
}