{
    "id": 2121,
    "events": "[]",
    "timestamp_offset": 7007.370295,
    "duration": 4.000125000000931
}