{
    "id": 2123,
    "events": "[]",
    "timestamp_offset": 7015.370545000002,
    "duration": 4.000129999998026
}