{
    "id": 2125,
    "events": "[]",
    "timestamp_offset": 7023.3708050000005,
    "duration": 3.999214999999851
}