{
    "id": 2126,
    "events": "[]",
    "timestamp_offset": 7027.37002,
    "duration": 3.0079749999996275
}