{
    "id": 2150,
    "events": "[]",
    "timestamp_offset": 7099.556180000001,
    "duration": 3.0077999999988823
}