{
    "id": 2156,
    "events": "[]",
    "timestamp_offset": 7117.601775,
    "duration": 3.0061000000005587
}