{
    "id": 2168,
    "events": "[]",
    "timestamp_offset": 7153.697115,
    "duration": 3.005924999999814
}