{
    "id": 2169,
    "events": "[]",
    "timestamp_offset": 7156.70304,
    "duration": 3.0061400000015275
}