{
    "id": 2170,
    "events": "[]",
    "timestamp_offset": 7159.709180000002,
    "duration": 3.004919999998994
}