{
    "id": 2172,
    "events": "[]",
    "timestamp_offset": 7165.719315,
    "duration": 3.0060950000006708
}