{
    "id": 2173,
    "events": "[]",
    "timestamp_offset": 7168.725410000001,
    "duration": 3.0070950000006706
}