{
    "id": 2174,
    "events": "[]",
    "timestamp_offset": 7171.732505000002,
    "duration": 3.006094999998808
}