{
    "id": 2175,
    "events": "[]",
    "timestamp_offset": 7174.738600000001,
    "duration": 3.0075449999999253
}