{
    "id": 2176,
    "events": "[]",
    "timestamp_offset": 7177.746145,
    "duration": 3.0066499999994414
}