{
    "id": 2177,
    "events": "[]",
    "timestamp_offset": 7180.752795,
    "duration": 3.0060950000006708
}