{
    "id": 2178,
    "events": "[]",
    "timestamp_offset": 7183.758890000001,
    "duration": 3.00708999999892
}