{
    "id": 2189,
    "events": "[]",
    "timestamp_offset": 7216.831940000001,
    "duration": 3.008089999999851
}