{
    "id": 2193,
    "events": "[]",
    "timestamp_offset": 7228.860380000002,
    "duration": 3.0060399999981744
}