{
    "id": 2194,
    "events": "[]",
    "timestamp_offset": 7231.86642,
    "duration": 3.007100000000559
}