{
    "id": 2195,
    "events": "[]",
    "timestamp_offset": 7234.87352,
    "duration": 3.0061000000005587
}