{
    "id": 2196,
    "events": "[]",
    "timestamp_offset": 7237.879620000001,
    "duration": 3.0064900000002237
}