{
    "id": 2206,
    "events": "[]",
    "timestamp_offset": 7267.951575000001,
    "duration": 3.007105000000447
}