{
    "id": 2246,
    "events": "[]",
    "timestamp_offset": 7388.252425000001,
    "duration": 3.008284999999218
}