{
    "id": 2257,
    "events": "[]",
    "timestamp_offset": 7421.33647,
    "duration": 3.0081650000009685
}