{
    "id": 2258,
    "events": "[]",
    "timestamp_offset": 7424.344635,
    "duration": 3.006030000001192
}