{
    "id": 2275,
    "events": "[]",
    "timestamp_offset": 7475.456195000001,
    "duration": 3.0081050000013785
}