{
    "id": 2290,
    "events": "[]",
    "timestamp_offset": 7520.552650000001,
    "duration": 3.8182799999993295
}