{
    "id": 2291,
    "events": "[]",
    "timestamp_offset": 7524.370930000001,
    "duration": 3.9989900000002234
}