{
    "id": 2292,
    "events": "[]",
    "timestamp_offset": 7528.369920000001,
    "duration": 4.000120000000112
}