{
    "id": 2293,
    "events": "[]",
    "timestamp_offset": 7532.370040000001,
    "duration": 4.000334999999032
}