{
    "id": 2294,
    "events": "[]",
    "timestamp_offset": 7536.370375,
    "duration": 3.9999199999999253
}