{
    "id": 2295,
    "events": "[]",
    "timestamp_offset": 7540.370295,
    "duration": 4.000140000000596
}