{
    "id": 230,
    "events": "[]",
    "timestamp_offset": 746.6094200000001,
    "duration": 3.006094999999739
}