{
    "id": 2302,
    "events": "[]",
    "timestamp_offset": 7568.370365000001,
    "duration": 3.999955000001006
}