{
    "id": 2303,
    "events": "[]",
    "timestamp_offset": 7572.370320000001,
    "duration": 4.000140000000596
}