{
    "id": 2304,
    "events": "[]",
    "timestamp_offset": 7576.370460000002,
    "duration": 4.000119999998249
}