{
    "id": 2305,
    "events": "[]",
    "timestamp_offset": 7580.37058,
    "duration": 4.000130000000819
}