{
    "id": 2306,
    "events": "[]",
    "timestamp_offset": 7584.370710000001,
    "duration": 3.9991349999997765
}