{
    "id": 2307,
    "events": "[]",
    "timestamp_offset": 7588.369845000001,
    "duration": 4.000089999999851
}