{
    "id": 2308,
    "events": "[]",
    "timestamp_offset": 7592.369935000001,
    "duration": 4.00015499999933
}