{
    "id": 2309,
    "events": "[]",
    "timestamp_offset": 7596.370089999999,
    "duration": 4.000135000000708
}