{
    "id": 2310,
    "events": "[]",
    "timestamp_offset": 7600.370225000001,
    "duration": 4.000125
}