{
    "id": 2311,
    "events": "[]",
    "timestamp_offset": 7604.37035,
    "duration": 4.0001200000010435
}