{
    "id": 2312,
    "events": "[]",
    "timestamp_offset": 7608.370470000002,
    "duration": 4.000119999998249
}