{
    "id": 2313,
    "events": "[]",
    "timestamp_offset": 7612.3705899999995,
    "duration": 4.000135000000708
}