{
    "id": 2314,
    "events": "[]",
    "timestamp_offset": 7616.370725000001,
    "duration": 3.999129999999888
}