{
    "id": 2315,
    "events": "[]",
    "timestamp_offset": 7620.369855000001,
    "duration": 4.000130000000819
}