{
    "id": 2316,
    "events": "[]",
    "timestamp_offset": 7624.369985000001,
    "duration": 3.0130599999986587
}