{
    "id": 2317,
    "events": "[]",
    "timestamp_offset": 7627.383045,
    "duration": 3.9871600000010803
}