{
    "id": 2324,
    "events": "[]",
    "timestamp_offset": 7655.369990000001,
    "duration": 4.000110000000335
}