{
    "id": 2354,
    "events": "[]",
    "timestamp_offset": 7775.370800000001,
    "duration": 3.999129999999888
}