{
    "id": 2358,
    "events": "[]",
    "timestamp_offset": 7791.370320000001,
    "duration": 4.000114999999292
}