{
    "id": 2359,
    "events": "[]",
    "timestamp_offset": 7795.370435000001,
    "duration": 4.000110000001267
}