{
    "id": 2362,
    "events": "[]",
    "timestamp_offset": 7807.370820000001,
    "duration": 3.9991249999990686
}