{
    "id": 2363,
    "events": "[]",
    "timestamp_offset": 7811.369945,
    "duration": 4.000125
}