{
    "id": 2364,
    "events": "[]",
    "timestamp_offset": 7815.37007,
    "duration": 4.000135000000708
}