{
    "id": 2365,
    "events": "[]",
    "timestamp_offset": 7819.370205000001,
    "duration": 4.000139999999664
}