{
    "id": 2366,
    "events": "[]",
    "timestamp_offset": 7823.370345,
    "duration": 4.001435000000521
}