{
    "id": 2367,
    "events": "[]",
    "timestamp_offset": 7827.371780000001,
    "duration": 3.008739999999292
}