{
    "id": 2373,
    "events": "[]",
    "timestamp_offset": 7845.420000000002,
    "duration": 3.014094999998808
}