{
    "id": 2375,
    "events": "[]",
    "timestamp_offset": 7851.439910000001,
    "duration": 3.007374999999069
}