{
    "id": 272,
    "events": "[]",
    "timestamp_offset": 872.965455,
    "duration": 3.007094999999972
}