{
    "id": 273,
    "events": "[]",
    "timestamp_offset": 875.9725500000001,
    "duration": 3.007279999999795
}