{
    "id": 278,
    "events": "[]",
    "timestamp_offset": 891.0070300000002,
    "duration": 3.005739999999525
}