{
    "id": 312,
    "events": "[]",
    "timestamp_offset": 993.3455900000004,
    "duration": 3.0058000000000464
}