{
    "id": 322,
    "events": "[]",
    "timestamp_offset": 1023.4192550000001,
    "duration": 3.006094999999739
}