{
    "id": 400,
    "events": "[]",
    "timestamp_offset": 1257.9847400000003,
    "duration": 3.009099999999395
}