{
    "id": 406,
    "events": "[]",
    "timestamp_offset": 1276.0283249999998,
    "duration": 3.006084999999963
}