{
    "id": 407,
    "events": "[]",
    "timestamp_offset": 1279.0344099999998,
    "duration": 3.0060950000006708
}