{
    "id": 408,
    "events": "[]",
    "timestamp_offset": 1282.0405050000004,
    "duration": 3.0060999999996274
}