{
    "id": 409,
    "events": "[]",
    "timestamp_offset": 1285.046605,
    "duration": 3.006094999999739
}