{
    "id": 410,
    "events": "[]",
    "timestamp_offset": 1288.0526999999997,
    "duration": 3.0069450000000653
}