{
    "id": 430,
    "events": "[]",
    "timestamp_offset": 1348.1986199999997,
    "duration": 3.008100000000093
}