{
    "id": 455,
    "events": "[]",
    "timestamp_offset": 1423.3680200000003,
    "duration": 3.0078249999997206
}