{
    "id": 46,
    "events": "[]",
    "timestamp_offset": 137.38198000000008,
    "duration": 3.0050899999996763
}