{
    "id": 469,
    "events": "[]",
    "timestamp_offset": 1465.463365,
    "duration": 3.006089999999851
}