{
    "id": 470,
    "events": "[]",
    "timestamp_offset": 1468.469455,
    "duration": 3.0060450000001584
}