{
    "id": 472,
    "events": "[]",
    "timestamp_offset": 1474.481655,
    "duration": 3.008125000000233
}