{
    "id": 476,
    "events": "[]",
    "timestamp_offset": 1486.5105600000002,
    "duration": 3.0075749999997208
}