{
    "id": 480,
    "events": "[]",
    "timestamp_offset": 1498.5394250000004,
    "duration": 3.007084999999264
}