{
    "id": 481,
    "events": "[]",
    "timestamp_offset": 1501.5465099999994,
    "duration": 3.0053750000006985
}