{
    "id": 502,
    "events": "[]",
    "timestamp_offset": 1564.689535,
    "duration": 3.007094999999972
}