{
    "id": 529,
    "events": "[]",
    "timestamp_offset": 1645.875125,
    "duration": 3.005100000000326
}