{
    "id": 57,
    "events": "[]",
    "timestamp_offset": 170.45402499999997,
    "duration": 3.0061000000000933
}