{
    "id": 582,
    "events": "[]",
    "timestamp_offset": 1805.2682150000005,
    "duration": 3.007094999999972
}