{
    "id": 583,
    "events": "[]",
    "timestamp_offset": 1808.2753100000004,
    "duration": 3.0070900000000838
}