{
    "id": 585,
    "events": "[]",
    "timestamp_offset": 1814.2875049999996,
    "duration": 3.0061400000005962
}