{
    "id": 600,
    "events": "[]",
    "timestamp_offset": 1859.3959399999999,
    "duration": 3.0093950000000187
}