{
    "id": 656,
    "events": "[]",
    "timestamp_offset": 2027.723305,
    "duration": 3.0071100000003352
}