{
    "id": 660,
    "events": "[]",
    "timestamp_offset": 2039.7487000000003,
    "duration": 3.007089999999385
}