{
    "id": 68,
    "events": "[]",
    "timestamp_offset": 203.5370849999999,
    "duration": 3.0061000000000933
}