{
    "id": 699,
    "events": "[]",
    "timestamp_offset": 2156.9924350000006,
    "duration": 3.0080899999993855
}