{
    "id": 70,
    "events": "[]",
    "timestamp_offset": 209.55140999999958,
    "duration": 3.0059650000002582
}