{
    "id": 700,
    "events": "[]",
    "timestamp_offset": 2160.0005250000004,
    "duration": 3.006104999999981
}