{
    "id": 702,
    "events": "[]",
    "timestamp_offset": 2166.0137300000006,
    "duration": 3.0059499999997206
}