{
    "id": 706,
    "events": "[]",
    "timestamp_offset": 2178.0370350000003,
    "duration": 3.0071650000000374
}