{
    "id": 707,
    "events": "[]",
    "timestamp_offset": 2181.0442000000003,
    "duration": 3.006165000000503
}