{
    "id": 708,
    "events": "[]",
    "timestamp_offset": 2184.050365,
    "duration": 3.0040899999993855
}