{
    "id": 726,
    "events": "[]",
    "timestamp_offset": 2238.1841900000004,
    "duration": 3.008989999999758
}