{
    "id": 727,
    "events": "[]",
    "timestamp_offset": 2241.1931799999998,
    "duration": 3.0060400000000373
}