{
    "id": 744,
    "events": "[]",
    "timestamp_offset": 2292.29875,
    "duration": 3.005105000000447
}