{
    "id": 77,
    "events": "[]",
    "timestamp_offset": 230.59894500000019,
    "duration": 3.0041049999999814
}