{
    "id": 78,
    "events": "[]",
    "timestamp_offset": 233.60305000000017,
    "duration": 3.006089999999851
}