{
    "id": 81,
    "events": "[]",
    "timestamp_offset": 242.62133000000037,
    "duration": 3.008100000000035
}