{
    "id": 82,
    "events": "[]",
    "timestamp_offset": 245.6294300000004,
    "duration": 3.005514999999839
}