{
    "id": 849,
    "events": "[]",
    "timestamp_offset": 2608.0358300000003,
    "duration": 3.008144999999553
}