{
    "id": 850,
    "events": "[]",
    "timestamp_offset": 2611.0439749999996,
    "duration": 3.0070500000002793
}