{
    "id": 851,
    "events": "[]",
    "timestamp_offset": 2614.051025,
    "duration": 3.007095000000205
}