{
    "id": 871,
    "events": "[]",
    "timestamp_offset": 2674.1929450000002,
    "duration": 3.006529999999795
}