{
    "id": 89,
    "events": "[]",
    "timestamp_offset": 266.6761000000001,
    "duration": 3.0082199999997394
}