{
    "id": 890,
    "events": "[]",
    "timestamp_offset": 2731.32375,
    "duration": 3.005114999999758
}