{
    "id": 90,
    "events": "[]",
    "timestamp_offset": 269.68431999999984,
    "duration": 3.0069700000003796
}