{
    "id": 903,
    "events": "[]",
    "timestamp_offset": 2770.4070150000007,
    "duration": 3.0077299999999814
}