{
    "id": 904,
    "events": "[]",
    "timestamp_offset": 2773.414745,
    "duration": 3.0074599999999627
}