{
    "id": 905,
    "events": "[]",
    "timestamp_offset": 2776.422205,
    "duration": 3.006094999999739
}