{
    "id": 907,
    "events": "[]",
    "timestamp_offset": 2782.4353999999994,
    "duration": 3.007095000000205
}