{
    "id": 92,
    "events": "[]",
    "timestamp_offset": 275.69842000000017,
    "duration": 3.006064999999595
}