{
    "id": 936,
    "events": "[]",
    "timestamp_offset": 2870.3705099999997,
    "duration": 3.0078050000001677
}