{
    "id": 94,
    "events": "[]",
    "timestamp_offset": 281.7105800000004,
    "duration": 3.00908999999956
}