{
    "id": 946,
    "events": "[]",
    "timestamp_offset": 2900.465165,
    "duration": 3.0061000000000933
}