{
    "id": 948,
    "events": "[]",
    "timestamp_offset": 2906.4773600000003,
    "duration": 3.007095000000205
}