{
    "id": 953,
    "events": "[]",
    "timestamp_offset": 2921.51423,
    "duration": 3.006704999999609
}