{
    "id": 961,
    "events": "[]",
    "timestamp_offset": 2945.5706000000005,
    "duration": 3.009134999999311
}