{
    "id": 962,
    "events": "[]",
    "timestamp_offset": 2948.5797349999993,
    "duration": 3.0060600000009874
}