{
    "id": 963,
    "events": "[]",
    "timestamp_offset": 2951.585795000001,
    "duration": 3.006089999999851
}