{
    "id": 967,
    "events": "[]",
    "timestamp_offset": 2963.6122450000003,
    "duration": 3.0070300000007264
}