{
    "id": 968,
    "events": "[]",
    "timestamp_offset": 2966.6192750000005,
    "duration": 3.0070999999996273
}