{
    "id": 1,
    "events": "[{\"name\":\"tab_change\",\"data\":{\"index\":1},\"target\":\":player:\",\"delta_time\":3.5295299999999914}]",
    "timestamp_offset": 3.059710000000021,
    "duration": 3.0505599999999613
}