{
    "id": 110,
    "events": "[]",
    "timestamp_offset": 332.04062000000005,
    "duration": 3.0000850000000208
}