{
    "id": 111,
    "events": "[]",
    "timestamp_offset": 335.04070500000006,
    "duration": 3.0291350000000095
}