{
    "id": 112,
    "events": "[]",
    "timestamp_offset": 338.06984000000006,
    "duration": 3.0000300000000277
}