{
    "id": 116,
    "events": "[]",
    "timestamp_offset": 350.07031500000016,
    "duration": 3.020074999999895
}