{
    "id": 130,
    "events": "[]",
    "timestamp_offset": 392.3890600000002,
    "duration": 3.0004850000000443
}