{
    "id": 143,
    "events": "[]",
    "timestamp_offset": 431.65066000000024,
    "duration": 3.059155000000028
}