{
    "id": 144,
    "events": "[]",
    "timestamp_offset": 434.7098150000003,
    "duration": 3.000094999999972
}