{
    "id": 145,
    "events": "[]",
    "timestamp_offset": 437.70991000000026,
    "duration": 3.0001049999999814
}