{
    "id": 146,
    "events": "[]",
    "timestamp_offset": 440.7100150000002,
    "duration": 3.0001449999999603
}