{
    "id": 147,
    "events": "[]",
    "timestamp_offset": 443.7101600000002,
    "duration": 3.0000900000000255
}