{
    "id": 18,
    "events": "[]",
    "timestamp_offset": 54.49012500000001,
    "duration": 3.0201999999999827
}