{
    "id": 188,
    "events": "[]",
    "timestamp_offset": 567.2591650000003,
    "duration": 3.0011699999999255
}