{
    "id": 199,
    "events": "[]",
    "timestamp_offset": 600.46929,
    "duration": 3.0214799999999813
}