{
    "id": 2,
    "events": "[]",
    "timestamp_offset": 6.110269999999982,
    "duration": 3.0000450000000054
}