{
    "id": 201,
    "events": "[]",
    "timestamp_offset": 606.5498550000001,
    "duration": 3.0000899999999673
}