{
    "id": 222,
    "events": "[]",
    "timestamp_offset": 669.9794000000002,
    "duration": 3.0200050000000047
}