{
    "id": 223,
    "events": "[]",
    "timestamp_offset": 672.9994050000001,
    "duration": 3.0011699999999255
}