{
    "id": 227,
    "events": "[]",
    "timestamp_offset": 685.11008,
    "duration": 3.0000850000000794
}