{
    "id": 242,
    "events": "[]",
    "timestamp_offset": 730.4523499999999,
    "duration": 3.0477299999999814
}