{
    "id": 267,
    "events": "[]",
    "timestamp_offset": 806.210035,
    "duration": 3.0001149999999908
}