{
    "id": 268,
    "events": "[]",
    "timestamp_offset": 809.2101499999999,
    "duration": 3.0001199999999955
}