{
    "id": 269,
    "events": "[]",
    "timestamp_offset": 812.2102699999999,
    "duration": 3.000119999999879
}