{
    "id": 27,
    "events": "[]",
    "timestamp_offset": 81.74046500000003,
    "duration": 3.0008050000000077
}