{
    "id": 270,
    "events": "[]",
    "timestamp_offset": 815.2103899999998,
    "duration": 3.0001450000000185
}