{
    "id": 28,
    "events": "[]",
    "timestamp_offset": 84.74127000000004,
    "duration": 3.019360000000015
}