{
    "id": 29,
    "events": "[]",
    "timestamp_offset": 87.76063000000006,
    "duration": 3.030104999999981
}