{
    "id": 292,
    "events": "[]",
    "timestamp_offset": 881.6601250000002,
    "duration": 3.0001149999999908
}