{
    "id": 294,
    "events": "[]",
    "timestamp_offset": 887.6603900000001,
    "duration": 3.00007500000007
}