{
    "id": 3,
    "events": "[]",
    "timestamp_offset": 9.110314999999988,
    "duration": 3.000134999999995
}