{
    "id": 30,
    "events": "[]",
    "timestamp_offset": 90.79073500000004,
    "duration": 3.057880000000019
}