{
    "id": 303,
    "events": "[]",
    "timestamp_offset": 914.8004650000003,
    "duration": 3.000109999999986
}