{
    "id": 31,
    "events": "[]",
    "timestamp_offset": 93.84861500000007,
    "duration": 3.0013949999999894
}