{
    "id": 312,
    "events": "[]",
    "timestamp_offset": 941.9505650000004,
    "duration": 3.030105000000098
}