{
    "id": 313,
    "events": "[]",
    "timestamp_offset": 944.9806700000005,
    "duration": 3.059204999999958
}