{
    "id": 314,
    "events": "[]",
    "timestamp_offset": 948.0398750000004,
    "duration": 3.0200649999999443
}