{
    "id": 323,
    "events": "[]",
    "timestamp_offset": 975.3199150000002,
    "duration": 3.0001549999999115
}