{
    "id": 34,
    "events": "[]",
    "timestamp_offset": 102.88025500000006,
    "duration": 3.000130000000005
}