{
    "id": 343,
    "events": "[]",
    "timestamp_offset": 1035.5604350000003,
    "duration": 3.0001349999997764
}