{
    "id": 344,
    "events": "[]",
    "timestamp_offset": 1038.56057,
    "duration": 3.0500450000001584
}