{
    "id": 355,
    "events": "[]",
    "timestamp_offset": 1071.8258400000002,
    "duration": 3.053125
}