{
    "id": 364,
    "events": "[]",
    "timestamp_offset": 1099.0699950000005,
    "duration": 3.0300800000000745
}