{
    "id": 365,
    "events": "[]",
    "timestamp_offset": 1102.1000750000005,
    "duration": 3.020154999999795
}