{
    "id": 366,
    "events": "[]",
    "timestamp_offset": 1105.1202300000002,
    "duration": 3.000105000000214
}