{
    "id": 367,
    "events": "[]",
    "timestamp_offset": 1108.1203350000005,
    "duration": 3.000129999999888
}