{
    "id": 368,
    "events": "[]",
    "timestamp_offset": 1111.1204650000004,
    "duration": 3.02014000000013
}