{
    "id": 369,
    "events": "[]",
    "timestamp_offset": 1114.1406050000005,
    "duration": 3.0391549999997953
}