{
    "id": 370,
    "events": "[]",
    "timestamp_offset": 1117.1797600000002,
    "duration": 3.0000950000002047
}