{
    "id": 371,
    "events": "[]",
    "timestamp_offset": 1120.1798550000003,
    "duration": 3.0201649999998046
}