{
    "id": 372,
    "events": "[]",
    "timestamp_offset": 1123.2000200000002,
    "duration": 3.000130000000121
}