{
    "id": 373,
    "events": "[]",
    "timestamp_offset": 1126.2001500000003,
    "duration": 3.000160000000149
}