{
    "id": 374,
    "events": "[]",
    "timestamp_offset": 1129.2003100000004,
    "duration": 3.000154999999795
}