{
    "id": 375,
    "events": "[]",
    "timestamp_offset": 1132.2004650000001,
    "duration": 3.000195000000065
}