{
    "id": 376,
    "events": "[]",
    "timestamp_offset": 1135.2006600000002,
    "duration": 3.029995000000112
}