{
    "id": 377,
    "events": "[]",
    "timestamp_offset": 1138.2306550000003,
    "duration": 3.0590999999998605
}