{
    "id": 378,
    "events": "[]",
    "timestamp_offset": 1141.2897550000002,
    "duration": 3.0001450000000185
}