{
    "id": 379,
    "events": "[]",
    "timestamp_offset": 1144.2899000000002,
    "duration": 3.0001149999999908
}