{
    "id": 380,
    "events": "[]",
    "timestamp_offset": 1147.2900150000003,
    "duration": 3.0000999999998603
}