{
    "id": 381,
    "events": "[]",
    "timestamp_offset": 1150.290115,
    "duration": 3.0000850000001957
}