{
    "id": 382,
    "events": "[]",
    "timestamp_offset": 1153.2902000000001,
    "duration": 3.0201999999999534
}