{
    "id": 391,
    "events": "[]",
    "timestamp_offset": 1180.4103750000002,
    "duration": 3.000100000000093
}