{
    "id": 392,
    "events": "[]",
    "timestamp_offset": 1183.4104750000004,
    "duration": 3.0000749999997205
}