{
    "id": 393,
    "events": "[]",
    "timestamp_offset": 1186.41055,
    "duration": 3.0602300000002143
}