{
    "id": 394,
    "events": "[]",
    "timestamp_offset": 1189.4707800000003,
    "duration": 3.0591099999998694
}