{
    "id": 395,
    "events": "[]",
    "timestamp_offset": 1192.5298900000003,
    "duration": 3.030130000000121
}