{
    "id": 396,
    "events": "[]",
    "timestamp_offset": 1195.5600200000003,
    "duration": 3.000089999999851
}