{
    "id": 397,
    "events": "[]",
    "timestamp_offset": 1198.5601100000001,
    "duration": 3.000120000000112
}