{
    "id": 398,
    "events": "[]",
    "timestamp_offset": 1201.5602300000003,
    "duration": 3.000094999999972
}