{
    "id": 399,
    "events": "[]",
    "timestamp_offset": 1204.5603250000001,
    "duration": 3.000094999999972
}