{
    "id": 4,
    "events": "[]",
    "timestamp_offset": 12.110449999999982,
    "duration": 3.019274999999994
}