{
    "id": 402,
    "events": "[]",
    "timestamp_offset": 1213.5606850000001,
    "duration": 3.0592349999998696
}