{
    "id": 404,
    "events": "[]",
    "timestamp_offset": 1219.61992,
    "duration": 3.0002099999999627
}