{
    "id": 405,
    "events": "[]",
    "timestamp_offset": 1222.62013,
    "duration": 3.0000800000000747
}