{
    "id": 406,
    "events": "[]",
    "timestamp_offset": 1225.62021,
    "duration": 3.03009999999986
}