{
    "id": 407,
    "events": "[]",
    "timestamp_offset": 1228.65031,
    "duration": 3.000135000000009
}