{
    "id": 408,
    "events": "[]",
    "timestamp_offset": 1231.650445,
    "duration": 3.0001400000001306
}