{
    "id": 409,
    "events": "[]",
    "timestamp_offset": 1234.650585,
    "duration": 3.0000999999998603
}