{
    "id": 410,
    "events": "[]",
    "timestamp_offset": 1237.6506849999998,
    "duration": 3.059195000000065
}