{
    "id": 411,
    "events": "[]",
    "timestamp_offset": 1240.7098799999999,
    "duration": 3.0000649999999442
}