{
    "id": 412,
    "events": "[]",
    "timestamp_offset": 1243.7099449999998,
    "duration": 3.000100000000093
}