{
    "id": 413,
    "events": "[]",
    "timestamp_offset": 1246.710045,
    "duration": 3.0001500000001395
}