{
    "id": 414,
    "events": "[]",
    "timestamp_offset": 1249.710195,
    "duration": 3.0201349999997764
}