{
    "id": 415,
    "events": "[]",
    "timestamp_offset": 1252.7303299999999,
    "duration": 3.0000500000000465
}