{
    "id": 42,
    "events": "[]",
    "timestamp_offset": 127.0002000000001,
    "duration": 3.000099999999948
}