{
    "id": 429,
    "events": "[]",
    "timestamp_offset": 1294.940085,
    "duration": 3.030090000000084
}