{
    "id": 43,
    "events": "[]",
    "timestamp_offset": 130.00030000000007,
    "duration": 3.030125
}