{
    "id": 431,
    "events": "[]",
    "timestamp_offset": 1301.0010399999999,
    "duration": 2.9993549999997486
}