{
    "id": 432,
    "events": "[]",
    "timestamp_offset": 1304.0003949999996,
    "duration": 3.0001700000001583
}