{
    "id": 433,
    "events": "[]",
    "timestamp_offset": 1307.0005649999998,
    "duration": 3.000704999999842
}