{
    "id": 434,
    "events": "[]",
    "timestamp_offset": 1310.0012699999997,
    "duration": 3.058785000000149
}