{
    "id": 435,
    "events": "[]",
    "timestamp_offset": 1313.060055,
    "duration": 2.9998599999998694
}