{
    "id": 436,
    "events": "[]",
    "timestamp_offset": 1316.0599149999998,
    "duration": 3.000190000000177
}