{
    "id": 44,
    "events": "[]",
    "timestamp_offset": 133.03042500000006,
    "duration": 3.000195000000036
}