{
    "id": 440,
    "events": "[]",
    "timestamp_offset": 1328.1692199999998,
    "duration": 3.0000400000002703
}