{
    "id": 446,
    "events": "[]",
    "timestamp_offset": 1346.310195,
    "duration": 3.0000950000002047
}