{
    "id": 45,
    "events": "[]",
    "timestamp_offset": 136.0306200000001,
    "duration": 3.0000499999999883
}