{
    "id": 46,
    "events": "[]",
    "timestamp_offset": 139.0306700000001,
    "duration": 3.059140000000014
}