{
    "id": 464,
    "events": "[]",
    "timestamp_offset": 1400.6004549999998,
    "duration": 3.000065000000177
}