{
    "id": 465,
    "events": "[]",
    "timestamp_offset": 1403.60052,
    "duration": 3.0001049999997487
}