{
    "id": 47,
    "events": "[]",
    "timestamp_offset": 142.0898100000001,
    "duration": 3.020094999999972
}