{
    "id": 48,
    "events": "[]",
    "timestamp_offset": 145.10990500000008,
    "duration": 3.000109999999986
}