{
    "id": 485,
    "events": "[]",
    "timestamp_offset": 1464.04994,
    "duration": 3.000225000000093
}