{
    "id": 489,
    "events": "[]",
    "timestamp_offset": 1476.13043,
    "duration": 3.0201650000000373
}