{
    "id": 49,
    "events": "[]",
    "timestamp_offset": 148.11001500000006,
    "duration": 3.0000950000000013
}