{
    "id": 499,
    "events": "[]",
    "timestamp_offset": 1506.4706899999999,
    "duration": 3.059195000000065
}