{
    "id": 5,
    "events": "[]",
    "timestamp_offset": 15.129724999999976,
    "duration": 3.0609950000000534
}