{
    "id": 50,
    "events": "[]",
    "timestamp_offset": 151.11011000000005,
    "duration": 3.000140000000043
}