{
    "id": 500,
    "events": "[]",
    "timestamp_offset": 1509.529885,
    "duration": 3.0501099999998695
}