{
    "id": 501,
    "events": "[]",
    "timestamp_offset": 1512.5799949999998,
    "duration": 3.0201049999999814
}