{
    "id": 502,
    "events": "[]",
    "timestamp_offset": 1515.6000999999999,
    "duration": 3.020135000000009
}