{
    "id": 503,
    "events": "[]",
    "timestamp_offset": 1518.6202349999999,
    "duration": 3.0000649999999442
}