{
    "id": 504,
    "events": "[]",
    "timestamp_offset": 1521.6202999999998,
    "duration": 3.000160000000149
}