{
    "id": 505,
    "events": "[]",
    "timestamp_offset": 1524.6204599999999,
    "duration": 3.0001099999998697
}