{
    "id": 506,
    "events": "[]",
    "timestamp_offset": 1527.6205699999998,
    "duration": 3.0002100000001954
}