{
    "id": 507,
    "events": "[]",
    "timestamp_offset": 1530.62078,
    "duration": 3.059029999999795
}