{
    "id": 508,
    "events": "[]",
    "timestamp_offset": 1533.6798099999999,
    "duration": 3.000155000000028
}