{
    "id": 509,
    "events": "[]",
    "timestamp_offset": 1536.6799649999998,
    "duration": 3.000105000000214
}