{
    "id": 510,
    "events": "[]",
    "timestamp_offset": 1539.6800700000001,
    "duration": 3.000094999999972
}