{
    "id": 519,
    "events": "[]",
    "timestamp_offset": 1566.7602450000002,
    "duration": 3.0000649999999442
}