{
    "id": 520,
    "events": "[]",
    "timestamp_offset": 1569.7603100000001,
    "duration": 3.000184999999823
}