{
    "id": 521,
    "events": "[]",
    "timestamp_offset": 1572.760495,
    "duration": 3.000135000000009
}