{
    "id": 522,
    "events": "[]",
    "timestamp_offset": 1575.76063,
    "duration": 3.0000249999999067
}