{
    "id": 523,
    "events": "[]",
    "timestamp_offset": 1578.7606549999998,
    "duration": 3.0191350000000092
}