{
    "id": 524,
    "events": "[]",
    "timestamp_offset": 1581.7797899999998,
    "duration": 3.0001400000001306
}