{
    "id": 525,
    "events": "[]",
    "timestamp_offset": 1584.77993,
    "duration": 3.0001750000000467
}