{
    "id": 526,
    "events": "[]",
    "timestamp_offset": 1587.780105,
    "duration": 3.0400799999998416
}