{
    "id": 527,
    "events": "[]",
    "timestamp_offset": 1590.8201849999998,
    "duration": 3.000160000000149
}