{
    "id": 528,
    "events": "[]",
    "timestamp_offset": 1593.8203449999999,
    "duration": 3.018880000000121
}