{
    "id": 529,
    "events": "[]",
    "timestamp_offset": 1596.839225,
    "duration": 3.001314999999944
}