{
    "id": 530,
    "events": "[]",
    "timestamp_offset": 1599.84054,
    "duration": 3.0601649999998046
}