{
    "id": 531,
    "events": "[]",
    "timestamp_offset": 1602.9007049999998,
    "duration": 3.059075000000186
}