{
    "id": 532,
    "events": "[]",
    "timestamp_offset": 1605.95978,
    "duration": 3.0001399999998974
}