{
    "id": 533,
    "events": "[]",
    "timestamp_offset": 1608.9599199999998,
    "duration": 3.0001100000001024
}