{
    "id": 534,
    "events": "[]",
    "timestamp_offset": 1611.96003,
    "duration": 3.000114999999758
}