{
    "id": 535,
    "events": "[]",
    "timestamp_offset": 1614.9601449999998,
    "duration": 3.0001400000001306
}