{
    "id": 536,
    "events": "[]",
    "timestamp_offset": 1617.9602849999999,
    "duration": 3.030125
}