{
    "id": 538,
    "events": "[]",
    "timestamp_offset": 1623.99056,
    "duration": 3.0000249999999067
}