{
    "id": 539,
    "events": "[]",
    "timestamp_offset": 1626.9905849999998,
    "duration": 3.0591850000000558
}