{
    "id": 540,
    "events": "[]",
    "timestamp_offset": 1630.0497699999999,
    "duration": 3.0200799999998416
}