{
    "id": 542,
    "events": "[]",
    "timestamp_offset": 1636.0699999999997,
    "duration": 3.020125
}