{
    "id": 544,
    "events": "[]",
    "timestamp_offset": 1642.0902699999997,
    "duration": 3.0000949999997393
}