{
    "id": 547,
    "events": "[]",
    "timestamp_offset": 1651.0906599999996,
    "duration": 3.029064999999944
}