{
    "id": 550,
    "events": "[]",
    "timestamp_offset": 1660.1199649999996,
    "duration": 3.020160000000149
}