{
    "id": 551,
    "events": "[]",
    "timestamp_offset": 1663.140125,
    "duration": 3.000155000000028
}