{
    "id": 552,
    "events": "[]",
    "timestamp_offset": 1666.1402799999998,
    "duration": 3.0000849999999626
}