{
    "id": 553,
    "events": "[]",
    "timestamp_offset": 1669.1403649999997,
    "duration": 3.0201100000001024
}