{
    "id": 554,
    "events": "[]",
    "timestamp_offset": 1672.160475,
    "duration": 3.000184999999823
}