{
    "id": 555,
    "events": "[]",
    "timestamp_offset": 1675.1606599999998,
    "duration": 3.0591750000000464
}