{
    "id": 556,
    "events": "[]",
    "timestamp_offset": 1678.2198349999999,
    "duration": 3.030005000000121
}