{
    "id": 557,
    "events": "[]",
    "timestamp_offset": 1681.24984,
    "duration": 3.0001749999998135
}