{
    "id": 558,
    "events": "[]",
    "timestamp_offset": 1684.2500149999998,
    "duration": 3.0001099999998697
}