{
    "id": 559,
    "events": "[]",
    "timestamp_offset": 1687.2501249999998,
    "duration": 3.00019000000041
}