{
    "id": 560,
    "events": "[]",
    "timestamp_offset": 1690.2503150000002,
    "duration": 3.0000999999998603
}