{
    "id": 561,
    "events": "[]",
    "timestamp_offset": 1693.250415,
    "duration": 3.0200900000000837
}