{
    "id": 562,
    "events": "[]",
    "timestamp_offset": 1696.270505,
    "duration": 3.000144999999786
}