{
    "id": 563,
    "events": "[]",
    "timestamp_offset": 1699.2706499999997,
    "duration": 3.0590749999999534
}