{
    "id": 564,
    "events": "[]",
    "timestamp_offset": 1702.3297249999996,
    "duration": 3.0000950000002047
}