{
    "id": 565,
    "events": "[]",
    "timestamp_offset": 1705.3298199999997,
    "duration": 3.0001699999999256
}