{
    "id": 566,
    "events": "[]",
    "timestamp_offset": 1708.3299899999997,
    "duration": 3.0000900000000836
}