{
    "id": 567,
    "events": "[]",
    "timestamp_offset": 1711.3300799999997,
    "duration": 3.0001699999999256
}