{
    "id": 568,
    "events": "[]",
    "timestamp_offset": 1714.3302499999998,
    "duration": 3.0000749999999536
}