{
    "id": 569,
    "events": "[]",
    "timestamp_offset": 1717.3303249999997,
    "duration": 3.000189999999944
}