{
    "id": 570,
    "events": "[]",
    "timestamp_offset": 1720.3305149999997,
    "duration": 3.000119999999879
}