{
    "id": 571,
    "events": "[]",
    "timestamp_offset": 1723.3306349999996,
    "duration": 3.060100000000326
}