{
    "id": 572,
    "events": "[]",
    "timestamp_offset": 1726.390735,
    "duration": 3.0590749999997207
}