{
    "id": 573,
    "events": "[]",
    "timestamp_offset": 1729.4498099999996,
    "duration": 3.02016500000027
}