{
    "id": 574,
    "events": "[]",
    "timestamp_offset": 1732.469975,
    "duration": 3.0001599999996835
}