{
    "id": 575,
    "events": "[]",
    "timestamp_offset": 1735.4701349999996,
    "duration": 3.0000850000001957
}