{
    "id": 576,
    "events": "[]",
    "timestamp_offset": 1738.4702199999997,
    "duration": 3.0000649999999442
}