{
    "id": 577,
    "events": "[]",
    "timestamp_offset": 1741.4702849999996,
    "duration": 3.000125
}