{
    "id": 578,
    "events": "[]",
    "timestamp_offset": 1744.4704099999997,
    "duration": 3.0001500000001395
}