{
    "id": 579,
    "events": "[]",
    "timestamp_offset": 1747.4705599999998,
    "duration": 3.000129999999888
}