{
    "id": 580,
    "events": "[]",
    "timestamp_offset": 1750.4706899999996,
    "duration": 3.0591699999999253
}