{
    "id": 581,
    "events": "[]",
    "timestamp_offset": 1753.5298599999996,
    "duration": 3.0000700000000653
}