{
    "id": 584,
    "events": "[]",
    "timestamp_offset": 1762.5302199999999,
    "duration": 3.0000800000000747
}