{
    "id": 586,
    "events": "[]",
    "timestamp_offset": 1768.5305249999997,
    "duration": 3.000054999999935
}