{
    "id": 587,
    "events": "[]",
    "timestamp_offset": 1771.5305799999996,
    "duration": 3.0601300000001213
}