{
    "id": 588,
    "events": "[]",
    "timestamp_offset": 1774.5907099999997,
    "duration": 3.0590749999999534
}