{
    "id": 589,
    "events": "[]",
    "timestamp_offset": 1777.6497849999996,
    "duration": 3.0001699999999256
}