{
    "id": 590,
    "events": "[]",
    "timestamp_offset": 1780.6499549999996,
    "duration": 3.0000900000000836
}