{
    "id": 591,
    "events": "[]",
    "timestamp_offset": 1783.6500449999996,
    "duration": 3.0001650000000373
}