{
    "id": 592,
    "events": "[]",
    "timestamp_offset": 1786.6502099999996,
    "duration": 3.0001149999999908
}