{
    "id": 593,
    "events": "[]",
    "timestamp_offset": 1789.6503249999996,
    "duration": 3.02014000000013
}