{
    "id": 6,
    "events": "[]",
    "timestamp_offset": 18.190720000000027,
    "duration": 3.0579649999999674
}