{
    "id": 605,
    "events": "[]",
    "timestamp_offset": 1825.999795,
    "duration": 3.0001349999997764
}