{
    "id": 606,
    "events": "[]",
    "timestamp_offset": 1828.9999299999997,
    "duration": 3.0601450000004844
}