{
    "id": 607,
    "events": "[]",
    "timestamp_offset": 1832.060075,
    "duration": 3.000064999999711
}