{
    "id": 616,
    "events": "[]",
    "timestamp_offset": 1859.2601599999998,
    "duration": 3.0002249999996273
}