{
    "id": 618,
    "events": "[]",
    "timestamp_offset": 1865.2804349999997,
    "duration": 3.000089999999851
}