{
    "id": 619,
    "events": "[]",
    "timestamp_offset": 1868.2805249999994,
    "duration": 3.000149999999907
}