{
    "id": 620,
    "events": "[]",
    "timestamp_offset": 1871.2806749999993,
    "duration": 3.0190850000004286
}