{
    "id": 621,
    "events": "[]",
    "timestamp_offset": 1874.2997599999997,
    "duration": 3.0001099999998697
}