{
    "id": 622,
    "events": "[]",
    "timestamp_offset": 1877.2998699999996,
    "duration": 0.666244999999879
}