{
    "id": 64,
    "events": "[]",
    "timestamp_offset": 193.34995500000008,
    "duration": 3.000020000000019
}