{
    "id": 65,
    "events": "[]",
    "timestamp_offset": 196.3499750000001,
    "duration": 3.000140000000043
}