{
    "id": 66,
    "events": "[]",
    "timestamp_offset": 199.35011500000013,
    "duration": 3.0002049999999874
}