{
    "id": 67,
    "events": "[]",
    "timestamp_offset": 202.35032000000012,
    "duration": 3.000069999999978
}