{
    "id": 68,
    "events": "[]",
    "timestamp_offset": 205.3503900000001,
    "duration": 3.000155000000028
}