{
    "id": 69,
    "events": "[]",
    "timestamp_offset": 208.35054500000012,
    "duration": 3.018954999999987
}