{
    "id": 7,
    "events": "[{\"name\":\"stdin\",\"data\":\"dG11eF9sb2NhbCBhIC10IDA=\",\"target\":\"XTerm:1\",\"delta_time\":23.97493499999999}]",
    "timestamp_offset": 21.248684999999995,
    "duration": 3.002350000000035
}