{
    "id": 70,
    "events": "[]",
    "timestamp_offset": 211.3695000000001,
    "duration": 3.06025999999998
}