{
    "id": 71,
    "events": "[]",
    "timestamp_offset": 214.42976000000007,
    "duration": 3.000100000000035
}