{
    "id": 72,
    "events": "[]",
    "timestamp_offset": 217.4298600000001,
    "duration": 3.000119999999966
}