{
    "id": 73,
    "events": "[]",
    "timestamp_offset": 220.42998000000006,
    "duration": 3.0001599999999744
}