{
    "id": 74,
    "events": "[]",
    "timestamp_offset": 223.43014000000002,
    "duration": 3.028975000000064
}