{
    "id": 77,
    "events": "[]",
    "timestamp_offset": 232.46046000000007,
    "duration": 3.020094999999972
}