{
    "id": 78,
    "events": "[]",
    "timestamp_offset": 235.48055500000004,
    "duration": 3.0191900000000023
}