{
    "id": 79,
    "events": "[]",
    "timestamp_offset": 238.49974500000005,
    "duration": 3.0200849999999626
}