{
    "id": 8,
    "events": "[]",
    "timestamp_offset": 24.25103500000003,
    "duration": 3.0590849999999774
}