{
    "id": 83,
    "events": "[]",
    "timestamp_offset": 250.5802400000001,
    "duration": 3.0001399999999556
}