{
    "id": 93,
    "events": "[]",
    "timestamp_offset": 280.710455,
    "duration": 3.000204999999958
}