{
    "id": 94,
    "events": "[]",
    "timestamp_offset": 283.71065999999996,
    "duration": 3.0000650000000606
}