{
    "id": 1,
    "events": "[]",
    "timestamp_offset": 3.001270000000717,
    "duration": 3.000135000000184
}