{
    "id": 1001,
    "events": "[]",
    "timestamp_offset": 3021.901384999999,
    "duration": 3.000630000000354
}