{
    "id": 1003,
    "events": "[]",
    "timestamp_offset": 3027.9709949999997,
    "duration": 3.0490449999999254
}