{
    "id": 1006,
    "events": "[]",
    "timestamp_offset": 3037.0613399999984,
    "duration": 3.000214999999851
}