{
    "id": 1009,
    "events": "[]",
    "timestamp_offset": 3046.131599999999,
    "duration": 3.0001450000000185
}