{
    "id": 102,
    "events": "[]",
    "timestamp_offset": 308.22090000000037,
    "duration": 3.0001450000000185
}