{
    "id": 1020,
    "events": "[]",
    "timestamp_offset": 3079.3018749999987,
    "duration": 3.0000650000004097
}