{
    "id": 1021,
    "events": "[]",
    "timestamp_offset": 3082.3019399999994,
    "duration": 3.069110000000335
}