{
    "id": 1033,
    "events": "[]",
    "timestamp_offset": 3118.5714499999995,
    "duration": 2.9999199999999253
}