{
    "id": 1034,
    "events": "[]",
    "timestamp_offset": 3121.571369999999,
    "duration": 3.0001999999987894
}