{
    "id": 1035,
    "events": "[]",
    "timestamp_offset": 3124.571569999998,
    "duration": 3.0703100000009873
}