{
    "id": 1036,
    "events": "[]",
    "timestamp_offset": 3127.6418799999988,
    "duration": 3.0497299999985845
}