{
    "id": 1049,
    "events": "[]",
    "timestamp_offset": 3166.8817999999987,
    "duration": 3.05041999999946
}