{
    "id": 105,
    "events": "[]",
    "timestamp_offset": 317.2911900000001,
    "duration": 3.0000600000002886
}