{
    "id": 106,
    "events": "[]",
    "timestamp_offset": 320.2912500000004,
    "duration": 3.000120000000577
}