{
    "id": 1064,
    "events": "[]",
    "timestamp_offset": 3212.1714099999986,
    "duration": 3.0003299999986774
}