{
    "id": 1065,
    "events": "[]",
    "timestamp_offset": 3215.171739999997,
    "duration": 2.9999700000011362
}