{
    "id": 1068,
    "events": "[]",
    "timestamp_offset": 3224.171974999999,
    "duration": 3.000149999999441
}