{
    "id": 1095,
    "events": "[]",
    "timestamp_offset": 3305.8215049999976,
    "duration": 3.000260000000708
}