{
    "id": 1097,
    "events": "[]",
    "timestamp_offset": 3311.8299599999987,
    "duration": 3.061164999999572
}