{
    "id": 1098,
    "events": "[]",
    "timestamp_offset": 3314.8911249999983,
    "duration": 3.0000350000006146
}