{
    "id": 1099,
    "events": "[]",
    "timestamp_offset": 3317.8911599999988,
    "duration": 2.999980000000447
}