{
    "id": 11,
    "events": "[]",
    "timestamp_offset": 33.19129000000068,
    "duration": 3.0001599999996253
}