{
    "id": 1100,
    "events": "[]",
    "timestamp_offset": 3320.8911399999993,
    "duration": 3.000124999998603
}