{
    "id": 1101,
    "events": "[]",
    "timestamp_offset": 3323.891264999998,
    "duration": 3.00010000000149
}