{
    "id": 1102,
    "events": "[]",
    "timestamp_offset": 3326.8913649999995,
    "duration": 3.000194999998435
}