{
    "id": 1103,
    "events": "[]",
    "timestamp_offset": 3329.8915599999978,
    "duration": 3.0002100000004286
}