{
    "id": 1104,
    "events": "[]",
    "timestamp_offset": 3332.8917699999984,
    "duration": 2.9999950000001117
}