{
    "id": 1105,
    "events": "[]",
    "timestamp_offset": 3335.8917649999985,
    "duration": 3.0001000000010243
}