{
    "id": 1106,
    "events": "[]",
    "timestamp_offset": 3338.8918649999996,
    "duration": 3.049194999999367
}