{
    "id": 1107,
    "events": "[]",
    "timestamp_offset": 3341.9410599999987,
    "duration": 3.0000149999996646
}