{
    "id": 1108,
    "events": "[]",
    "timestamp_offset": 3344.9410749999984,
    "duration": 3.000120000000577
}