{
    "id": 1109,
    "events": "[]",
    "timestamp_offset": 3347.941194999999,
    "duration": 3.000089999999851
}