{
    "id": 1110,
    "events": "[]",
    "timestamp_offset": 3350.941284999999,
    "duration": 3.000084999999497
}