{
    "id": 1111,
    "events": "[]",
    "timestamp_offset": 3353.9413699999986,
    "duration": 3.0001450000000185
}