{
    "id": 1112,
    "events": "[]",
    "timestamp_offset": 3356.9415149999986,
    "duration": 3.0000899999993855
}