{
    "id": 1113,
    "events": "[]",
    "timestamp_offset": 3359.941604999998,
    "duration": 3.0000800000000747
}