{
    "id": 1114,
    "events": "[]",
    "timestamp_offset": 3362.9416849999984,
    "duration": 3.000195000000298
}