{
    "id": 1115,
    "events": "[]",
    "timestamp_offset": 3365.9418799999985,
    "duration": 3.000285000000149
}