{
    "id": 1116,
    "events": "[]",
    "timestamp_offset": 3368.9421649999986,
    "duration": 3.0687849999996835
}