{
    "id": 1120,
    "events": "[]",
    "timestamp_offset": 3381.0112849999987,
    "duration": 3.000200000000652
}