{
    "id": 1121,
    "events": "[]",
    "timestamp_offset": 3384.0114849999995,
    "duration": 3.0201599999996835
}