{
    "id": 1122,
    "events": "[]",
    "timestamp_offset": 3387.031644999999,
    "duration": 3.0551550000002607
}