{
    "id": 1123,
    "events": "[]",
    "timestamp_offset": 3390.0867999999996,
    "duration": 3.0649049999993294
}