{
    "id": 1124,
    "events": "[]",
    "timestamp_offset": 3393.151704999999,
    "duration": 3.0000550000001676
}