{
    "id": 1125,
    "events": "[]",
    "timestamp_offset": 3396.151759999999,
    "duration": 3.050204999999609
}