{
    "id": 1126,
    "events": "[]",
    "timestamp_offset": 3399.2019649999984,
    "duration": 3.069060000000056
}