{
    "id": 1129,
    "events": "[]",
    "timestamp_offset": 3408.271405,
    "duration": 3.0499699999997394
}