{
    "id": 1130,
    "events": "[]",
    "timestamp_offset": 3411.3213749999995,
    "duration": 3.0000849999999626
}