{
    "id": 1131,
    "events": "[]",
    "timestamp_offset": 3414.3214599999997,
    "duration": 3.0001599999992177
}