{
    "id": 1132,
    "events": "[]",
    "timestamp_offset": 3417.321619999999,
    "duration": 3.0000149999996646
}