{
    "id": 1133,
    "events": "[]",
    "timestamp_offset": 3420.3216349999984,
    "duration": 3.000245000001043
}