{
    "id": 1134,
    "events": "[]",
    "timestamp_offset": 3423.3218799999995,
    "duration": 3.0001400000001306
}