{
    "id": 1135,
    "events": "[]",
    "timestamp_offset": 3426.3220199999996,
    "duration": 3.0689599999990316
}