{
    "id": 1136,
    "events": "[]",
    "timestamp_offset": 3429.3909799999988,
    "duration": 3.0000749999997205
}