{
    "id": 1137,
    "events": "[]",
    "timestamp_offset": 3432.3910549999987,
    "duration": 3.0001000000010243
}