{
    "id": 1138,
    "events": "[]",
    "timestamp_offset": 3435.391155,
    "duration": 3.000254999998957
}