{
    "id": 1139,
    "events": "[]",
    "timestamp_offset": 3438.391409999999,
    "duration": 3.0000849999999626
}