{
    "id": 1140,
    "events": "[]",
    "timestamp_offset": 3441.391494999999,
    "duration": 3.0500550000015645
}