{
    "id": 1141,
    "events": "[]",
    "timestamp_offset": 3444.4415500000005,
    "duration": 3.000069999999832
}