{
    "id": 1142,
    "events": "[]",
    "timestamp_offset": 3447.4416200000005,
    "duration": 3.0002499999990686
}