{
    "id": 1143,
    "events": "[]",
    "timestamp_offset": 3450.4418699999997,
    "duration": 3.0002100000004286
}