{
    "id": 1144,
    "events": "[]",
    "timestamp_offset": 3453.4420800000003,
    "duration": 3.068839999999851
}