{
    "id": 1145,
    "events": "[]",
    "timestamp_offset": 3456.51092,
    "duration": 3.0002099999999627
}