{
    "id": 1146,
    "events": "[]",
    "timestamp_offset": 3459.5111300000003,
    "duration": 3.0200399999995717
}