{
    "id": 1147,
    "events": "[]",
    "timestamp_offset": 3462.5311699999997,
    "duration": 3.000130000000354
}