{
    "id": 1149,
    "events": "[]",
    "timestamp_offset": 3468.5314200000007,
    "duration": 3.0501199999996462
}