{
    "id": 1150,
    "events": "[]",
    "timestamp_offset": 3471.58154,
    "duration": 3.000089999999851
}