{
    "id": 1151,
    "events": "[]",
    "timestamp_offset": 3474.58163,
    "duration": 3.0000899999993855
}