{
    "id": 1152,
    "events": "[]",
    "timestamp_offset": 3477.5817199999997,
    "duration": 3.0002050000005402
}