{
    "id": 1153,
    "events": "[]",
    "timestamp_offset": 3480.5819250000004,
    "duration": 3.000050000000279
}