{
    "id": 1154,
    "events": "[]",
    "timestamp_offset": 3483.5819750000005,
    "duration": 3.069064999999944
}