{
    "id": 1155,
    "events": "[]",
    "timestamp_offset": 3486.6510400000006,
    "duration": 2.9999700000006704
}