{
    "id": 1156,
    "events": "[]",
    "timestamp_offset": 3489.6510100000014,
    "duration": 3.000194999998435
}