{
    "id": 1157,
    "events": "[]",
    "timestamp_offset": 3492.6512049999997,
    "duration": 3.000154999999795
}