{
    "id": 1158,
    "events": "[]",
    "timestamp_offset": 3495.6513599999994,
    "duration": 3.000050000000745
}