{
    "id": 1159,
    "events": "[]",
    "timestamp_offset": 3498.65141,
    "duration": 3.0001000000010243
}