{
    "id": 1160,
    "events": "[]",
    "timestamp_offset": 3501.651510000001,
    "duration": 3.00010499999905
}