{
    "id": 1161,
    "events": "[]",
    "timestamp_offset": 3504.651615,
    "duration": 3.000089999999851
}