{
    "id": 1162,
    "events": "[]",
    "timestamp_offset": 3507.651705,
    "duration": 3.0001850000005215
}