{
    "id": 1163,
    "events": "[]",
    "timestamp_offset": 3510.6518900000005,
    "duration": 3.0490449999999254
}