{
    "id": 1164,
    "events": "[]",
    "timestamp_offset": 3513.7009350000003,
    "duration": 3.040160000000615
}