{
    "id": 1165,
    "events": "[]",
    "timestamp_offset": 3516.7410950000008,
    "duration": 3.000214999999851
}