{
    "id": 1166,
    "events": "[]",
    "timestamp_offset": 3519.741310000001,
    "duration": 3.069910000000149
}