{
    "id": 1167,
    "events": "[]",
    "timestamp_offset": 3522.811220000001,
    "duration": 3.0000549999987705
}