{
    "id": 1168,
    "events": "[]",
    "timestamp_offset": 3525.8112749999996,
    "duration": 3.0002550000008195
}