{
    "id": 1170,
    "events": "[]",
    "timestamp_offset": 3531.8115300000004,
    "duration": 3.0002050000000744
}