{
    "id": 1171,
    "events": "[]",
    "timestamp_offset": 3534.8117350000007,
    "duration": 3.0001649999995714
}