{
    "id": 1173,
    "events": "[]",
    "timestamp_offset": 3540.8619599999997,
    "duration": 3.069150000000838
}