{
    "id": 1174,
    "events": "[]",
    "timestamp_offset": 3543.9311100000004,
    "duration": 3.0000149999996646
}