{
    "id": 1175,
    "events": "[]",
    "timestamp_offset": 3546.931125,
    "duration": 3.000114999999292
}