{
    "id": 1176,
    "events": "[]",
    "timestamp_offset": 3549.9312399999994,
    "duration": 3.000005000001285
}