{
    "id": 1177,
    "events": "[]",
    "timestamp_offset": 3552.9312450000007,
    "duration": 3.000129999998957
}