{
    "id": 1178,
    "events": "[]",
    "timestamp_offset": 3555.9313749999997,
    "duration": 3.000175000000745
}