{
    "id": 1179,
    "events": "[]",
    "timestamp_offset": 3558.9315500000002,
    "duration": 3.00010499999905
}