{
    "id": 1180,
    "events": "[]",
    "timestamp_offset": 3561.9316549999994,
    "duration": 3.0002050000005402
}