{
    "id": 1181,
    "events": "[]",
    "timestamp_offset": 3564.93186,
    "duration": 3.0500200000004845
}