{
    "id": 1182,
    "events": "[]",
    "timestamp_offset": 3567.9818800000007,
    "duration": 3.069009999999311
}