{
    "id": 1183,
    "events": "[]",
    "timestamp_offset": 3571.05089,
    "duration": 3.0001150000006893
}