{
    "id": 1184,
    "events": "[]",
    "timestamp_offset": 3574.0510050000007,
    "duration": 3.00010499999905
}