{
    "id": 1185,
    "events": "[]",
    "timestamp_offset": 3577.05111,
    "duration": 3.00010000000149
}