{
    "id": 1186,
    "events": "[]",
    "timestamp_offset": 3580.0512100000014,
    "duration": 3.000214999999851
}