{
    "id": 1187,
    "events": "[]",
    "timestamp_offset": 3583.0514250000015,
    "duration": 3.0000949999992734
}