{
    "id": 1189,
    "events": "[]",
    "timestamp_offset": 3589.051520000001,
    "duration": 3.0001149999988264
}