{
    "id": 119,
    "events": "[]",
    "timestamp_offset": 359.46169000000026,
    "duration": 3.000250000001048
}