{
    "id": 1190,
    "events": "[]",
    "timestamp_offset": 3592.051635,
    "duration": 3.000300000001676
}