{
    "id": 1191,
    "events": "[]",
    "timestamp_offset": 3595.0519350000013,
    "duration": 3.0000749999997205
}