{
    "id": 1192,
    "events": "[]",
    "timestamp_offset": 3598.0520100000012,
    "duration": 3.0489550000005403
}