{
    "id": 12,
    "events": "[]",
    "timestamp_offset": 36.1914500000003,
    "duration": 3.000140000000072
}