{
    "id": 1212,
    "events": "[]",
    "timestamp_offset": 3658.5310950000003,
    "duration": 3.000095000001602
}