{
    "id": 1213,
    "events": "[]",
    "timestamp_offset": 3661.531190000002,
    "duration": 3.0499949999991802
}