{
    "id": 1214,
    "events": "[]",
    "timestamp_offset": 3664.5811850000014,
    "duration": 3.000265000000596
}