{
    "id": 1215,
    "events": "[]",
    "timestamp_offset": 3667.581450000002,
    "duration": 3.0000299999993296
}