{
    "id": 1216,
    "events": "[]",
    "timestamp_offset": 3670.581480000001,
    "duration": 3.0001150000006893
}