{
    "id": 1217,
    "events": "[]",
    "timestamp_offset": 3673.581595000002,
    "duration": 2.9999849999984725
}