{
    "id": 1225,
    "events": "[]",
    "timestamp_offset": 3697.701380000001,
    "duration": 3.0001050000013785
}