{
    "id": 1226,
    "events": "[]",
    "timestamp_offset": 3700.7014850000023,
    "duration": 3.000124999998603
}