{
    "id": 1227,
    "events": "[]",
    "timestamp_offset": 3703.701610000001,
    "duration": 3.0001250000004656
}