{
    "id": 1228,
    "events": "[]",
    "timestamp_offset": 3706.7017350000015,
    "duration": 3.000195000000298
}