{
    "id": 1229,
    "events": "[]",
    "timestamp_offset": 3709.7019300000015,
    "duration": 3.040030000000261
}