{
    "id": 123,
    "events": "[]",
    "timestamp_offset": 371.5310650000013,
    "duration": 3.000264999998733
}