{
    "id": 1230,
    "events": "[]",
    "timestamp_offset": 3712.7419600000017,
    "duration": 3.0690699999993667
}