{
    "id": 1231,
    "events": "[]",
    "timestamp_offset": 3715.811030000001,
    "duration": 3.0000550000006334
}