{
    "id": 1232,
    "events": "[]",
    "timestamp_offset": 3718.8110850000016,
    "duration": 3.000019999999553
}