{
    "id": 1241,
    "events": "[]",
    "timestamp_offset": 3745.930975000002,
    "duration": 3.0001899999985473
}