{
    "id": 1242,
    "events": "[]",
    "timestamp_offset": 3748.9311650000004,
    "duration": 3.000010000001639
}