{
    "id": 1243,
    "events": "[]",
    "timestamp_offset": 3751.931175000002,
    "duration": 3.0001799999987706
}