{
    "id": 1244,
    "events": "[]",
    "timestamp_offset": 3754.9313550000006,
    "duration": 3.000140000000596
}