{
    "id": 1245,
    "events": "[]",
    "timestamp_offset": 3757.931495000001,
    "duration": 3.0000849999990313
}