{
    "id": 1246,
    "events": "[]",
    "timestamp_offset": 3760.9315800000004,
    "duration": 3.0000600000005218
}