{
    "id": 1247,
    "events": "[]",
    "timestamp_offset": 3763.9316400000007,
    "duration": 3.000260000000708
}