{
    "id": 1248,
    "events": "[]",
    "timestamp_offset": 3766.9319000000014,
    "duration": 3.049995000000112
}