{
    "id": 1249,
    "events": "[]",
    "timestamp_offset": 3769.9818950000017,
    "duration": 3.0690649999994783
}