{
    "id": 125,
    "events": "[]",
    "timestamp_offset": 377.5313600000011,
    "duration": 3.0500649999994787
}