{
    "id": 1256,
    "events": "[]",
    "timestamp_offset": 3791.0716250000014,
    "duration": 3.0001699999989944
}