{
    "id": 1257,
    "events": "[]",
    "timestamp_offset": 3794.0717950000003,
    "duration": 3.0000850000018255
}