{
    "id": 1258,
    "events": "[]",
    "timestamp_offset": 3797.0718800000022,
    "duration": 3.049179999999702
}