{
    "id": 1259,
    "events": "[]",
    "timestamp_offset": 3800.1210600000018,
    "duration": 3.0000299999993296
}