{
    "id": 126,
    "events": "[]",
    "timestamp_offset": 380.5814250000006,
    "duration": 3.000110000000801
}