{
    "id": 1260,
    "events": "[]",
    "timestamp_offset": 3803.121090000001,
    "duration": 3.0000650000004097
}