{
    "id": 1261,
    "events": "[]",
    "timestamp_offset": 3806.1211550000016,
    "duration": 3.0001699999989944
}