{
    "id": 1262,
    "events": "[]",
    "timestamp_offset": 3809.1213250000005,
    "duration": 3.0001050000013785
}