{
    "id": 1263,
    "events": "[]",
    "timestamp_offset": 3812.121430000002,
    "duration": 3.000149999999441
}