{
    "id": 1264,
    "events": "[]",
    "timestamp_offset": 3815.1215800000014,
    "duration": 3.0001599999992177
}