{
    "id": 1265,
    "events": "[]",
    "timestamp_offset": 3818.1217400000005,
    "duration": 3.0700550000006332
}