{
    "id": 1266,
    "events": "[]",
    "timestamp_offset": 3821.191795000001,
    "duration": 2.9999850000003354
}