{
    "id": 1267,
    "events": "[]",
    "timestamp_offset": 3824.1917800000015,
    "duration": 3.000044999998994
}