{
    "id": 1268,
    "events": "[]",
    "timestamp_offset": 3827.1918250000003,
    "duration": 2.7191950000012293
}