{
    "id": 13,
    "events": "[]",
    "timestamp_offset": 39.191590000000375,
    "duration": 3.050020000000601
}