{
    "id": 143,
    "events": "[]",
    "timestamp_offset": 431.8412150000006,
    "duration": 3.000029999999213
}