{
    "id": 144,
    "events": "[]",
    "timestamp_offset": 434.8412449999998,
    "duration": 3.000235000001383
}