{
    "id": 145,
    "events": "[]",
    "timestamp_offset": 437.8414800000012,
    "duration": 3.0001149999988264
}