{
    "id": 146,
    "events": "[]",
    "timestamp_offset": 440.841595,
    "duration": 3.0701050000006798
}