{
    "id": 147,
    "events": "[]",
    "timestamp_offset": 443.9117000000007,
    "duration": 3.00017999999912
}