{
    "id": 148,
    "events": "[]",
    "timestamp_offset": 446.9118799999998,
    "duration": 3.029140000000596
}