{
    "id": 149,
    "events": "[]",
    "timestamp_offset": 449.94102000000044,
    "duration": 3.049049999999581
}