{
    "id": 150,
    "events": "[]",
    "timestamp_offset": 452.99007,
    "duration": 3.0009950000003447
}