{
    "id": 151,
    "events": "[]",
    "timestamp_offset": 455.99106500000033,
    "duration": 3.0001750000010943
}