{
    "id": 152,
    "events": "[]",
    "timestamp_offset": 458.9912400000014,
    "duration": 3.0001699999993434
}