{
    "id": 153,
    "events": "[]",
    "timestamp_offset": 461.99141000000077,
    "duration": 3.0000949999993898
}