{
    "id": 158,
    "events": "[]",
    "timestamp_offset": 477.06185999999997,
    "duration": 3.0491049999999813
}