{
    "id": 159,
    "events": "[]",
    "timestamp_offset": 480.11096499999996,
    "duration": 3.02017500000156
}