{
    "id": 16,
    "events": "[]",
    "timestamp_offset": 48.28679999999987,
    "duration": 3.044144999999844
}