{
    "id": 160,
    "events": "[]",
    "timestamp_offset": 483.13114000000155,
    "duration": 3.00018999999878
}