{
    "id": 161,
    "events": "[]",
    "timestamp_offset": 486.13133000000033,
    "duration": 2.999879999999423
}