{
    "id": 162,
    "events": "[]",
    "timestamp_offset": 489.1312099999998,
    "duration": 3.000295000001555
}