{
    "id": 163,
    "events": "[]",
    "timestamp_offset": 492.1315050000013,
    "duration": 3.0698999999986265
}