{
    "id": 164,
    "events": "[]",
    "timestamp_offset": 495.20140499999997,
    "duration": 3.0002700000004845
}