{
    "id": 165,
    "events": "[]",
    "timestamp_offset": 498.2016750000005,
    "duration": 3.039955000000191
}