{
    "id": 166,
    "events": "[]",
    "timestamp_offset": 501.24163000000067,
    "duration": 3.0000700000000653
}