{
    "id": 167,
    "events": "[]",
    "timestamp_offset": 504.2417000000007,
    "duration": 3.0290000000004658
}