{
    "id": 168,
    "events": "[]",
    "timestamp_offset": 507.27070000000117,
    "duration": 3.000570000000065
}