{
    "id": 169,
    "events": "[]",
    "timestamp_offset": 510.2712700000012,
    "duration": 3.049854999999399
}