{
    "id": 170,
    "events": "[]",
    "timestamp_offset": 513.3211250000006,
    "duration": 3.000120000000577
}