{
    "id": 171,
    "events": "[]",
    "timestamp_offset": 516.3212450000012,
    "duration": 3.000264999998733
}