{
    "id": 172,
    "events": "[]",
    "timestamp_offset": 519.32151,
    "duration": 3.000010000001523
}