{
    "id": 173,
    "events": "[]",
    "timestamp_offset": 522.3215200000016,
    "duration": 3.0699399999994785
}