{
    "id": 174,
    "events": "[]",
    "timestamp_offset": 525.3914600000011,
    "duration": 3.000120000000577
}