{
    "id": 175,
    "events": "[]",
    "timestamp_offset": 528.3915800000017,
    "duration": 3.000164999999455
}