{
    "id": 176,
    "events": "[]",
    "timestamp_offset": 531.3917450000012,
    "duration": 3.0002399999994087
}