{
    "id": 177,
    "events": "[]",
    "timestamp_offset": 534.3919850000005,
    "duration": 3.0489749999997438
}