{
    "id": 178,
    "events": "[]",
    "timestamp_offset": 537.4409600000002,
    "duration": 3.000175000000978
}