{
    "id": 179,
    "events": "[]",
    "timestamp_offset": 540.4411350000012,
    "duration": 3.0699649999988035
}