{
    "id": 182,
    "events": "[]",
    "timestamp_offset": 549.5113350000013,
    "duration": 3.000164999999455
}