{
    "id": 183,
    "events": "[]",
    "timestamp_offset": 552.5115000000008,
    "duration": 3.0000400000007357
}