{
    "id": 184,
    "events": "[]",
    "timestamp_offset": 555.5115400000014,
    "duration": 3.0002299999997484
}