{
    "id": 185,
    "events": "[]",
    "timestamp_offset": 558.5117700000012,
    "duration": 3.0500449999999253
}