{
    "id": 186,
    "events": "[]",
    "timestamp_offset": 561.5618150000012,
    "duration": 3.000200000000419
}