{
    "id": 187,
    "events": "[]",
    "timestamp_offset": 564.5620150000016,
    "duration": 3.0690299999987474
}