{
    "id": 188,
    "events": "[]",
    "timestamp_offset": 567.6310450000003,
    "duration": 2.9999750000005587
}