{
    "id": 189,
    "events": "[]",
    "timestamp_offset": 570.6310200000008,
    "duration": 3.00017999999912
}