{
    "id": 190,
    "events": "[]",
    "timestamp_offset": 573.6311999999999,
    "duration": 3.000100000001141
}