{
    "id": 191,
    "events": "[]",
    "timestamp_offset": 576.631300000001,
    "duration": 3.030054999999236
}