{
    "id": 192,
    "events": "[]",
    "timestamp_offset": 579.6613550000003,
    "duration": 3.0001900000006425
}