{
    "id": 193,
    "events": "[]",
    "timestamp_offset": 582.661545000001,
    "duration": 3.00008499999973
}