{
    "id": 194,
    "events": "[]",
    "timestamp_offset": 585.6616300000007,
    "duration": 3.00000999999966
}