{
    "id": 195,
    "events": "[]",
    "timestamp_offset": 588.6616400000004,
    "duration": 3.000245000001043
}