{
    "id": 196,
    "events": "[]",
    "timestamp_offset": 591.6618850000015,
    "duration": 3.049134999999311
}