{
    "id": 197,
    "events": "[]",
    "timestamp_offset": 594.7110200000008,
    "duration": 2.9999950000001117
}