{
    "id": 198,
    "events": "[]",
    "timestamp_offset": 597.7110150000009,
    "duration": 3.000154999999795
}