{
    "id": 2,
    "events": "[]",
    "timestamp_offset": 6.001405000000901,
    "duration": 3.0001749999992318
}