{
    "id": 201,
    "events": "[]",
    "timestamp_offset": 606.7113400000002,
    "duration": 3.000305000001332
}