{
    "id": 206,
    "events": "[]",
    "timestamp_offset": 621.9219300000005,
    "duration": 3.049145000000717
}