{
    "id": 207,
    "events": "[]",
    "timestamp_offset": 624.9710750000013,
    "duration": 3.0000299999993296
}