{
    "id": 21,
    "events": "[{\"name\":\"stdin\",\"data\":\"G1sxODs1Nkg=\",\"target\":\"XTerm:1\",\"delta_time\":65.1720249999999}]",
    "timestamp_offset": 63.35129500000039,
    "duration": 3.000285000000149
}