{
    "id": 219,
    "events": "[]",
    "timestamp_offset": 661.181165,
    "duration": 3.0001650000014344
}