{
    "id": 220,
    "events": "[]",
    "timestamp_offset": 664.1813300000014,
    "duration": 3.0001799999990033
}