{
    "id": 222,
    "events": "[]",
    "timestamp_offset": 670.1816500000004,
    "duration": 3.000034999998985
}