{
    "id": 223,
    "events": "[]",
    "timestamp_offset": 673.1816849999994,
    "duration": 3.0001750000012106
}