{
    "id": 224,
    "events": "[]",
    "timestamp_offset": 676.1818600000007,
    "duration": 3.050185000000056
}