{
    "id": 225,
    "events": "[]",
    "timestamp_offset": 679.2320450000008,
    "duration": 3.0690149999989664
}