{
    "id": 226,
    "events": "[]",
    "timestamp_offset": 682.3010599999998,
    "duration": 3.0001050000011453
}