{
    "id": 23,
    "events": "[]",
    "timestamp_offset": 69.3518000000004,
    "duration": 2.9999200000001585
}