{
    "id": 235,
    "events": "[]",
    "timestamp_offset": 709.4710450000002,
    "duration": 2.999980000000447
}