{
    "id": 24,
    "events": "[]",
    "timestamp_offset": 72.35172000000055,
    "duration": 3.0000949999995066
}