{
    "id": 244,
    "events": "[]",
    "timestamp_offset": 736.6319300000014,
    "duration": 3.0690449999982956
}