{
    "id": 245,
    "events": "[]",
    "timestamp_offset": 739.7009749999996,
    "duration": 3.000110000000801
}