{
    "id": 246,
    "events": "[]",
    "timestamp_offset": 742.7010850000004,
    "duration": 3.0000349999992175
}