{
    "id": 25,
    "events": "[]",
    "timestamp_offset": 75.35181500000006,
    "duration": 3.050100000000326
}