{
    "id": 250,
    "events": "[]",
    "timestamp_offset": 754.7216399999996,
    "duration": 3.0500000000011642
}