{
    "id": 253,
    "events": "[]",
    "timestamp_offset": 763.8117800000001,
    "duration": 3.0491550000004937
}