{
    "id": 254,
    "events": "[]",
    "timestamp_offset": 766.8609350000006,
    "duration": 3.0000299999993296
}