{
    "id": 256,
    "events": "[]",
    "timestamp_offset": 772.8612900000008,
    "duration": 3.0699999999995344
}