{
    "id": 261,
    "events": "[]",
    "timestamp_offset": 787.9317700000009,
    "duration": 3.0000499999986494
}