{
    "id": 268,
    "events": "[]",
    "timestamp_offset": 809.1014000000013,
    "duration": 3.0002699999986215
}