{
    "id": 272,
    "events": "[]",
    "timestamp_offset": 821.1718500000005,
    "duration": 3.0492149999991525
}