{
    "id": 278,
    "events": "[]",
    "timestamp_offset": 839.4116300000004,
    "duration": 3.0488399999996183
}