{
    "id": 279,
    "events": "[]",
    "timestamp_offset": 842.46047,
    "duration": 3.0013400000005497
}