{
    "id": 280,
    "events": "[]",
    "timestamp_offset": 845.4618100000006,
    "duration": 3.0000550000004003
}