{
    "id": 281,
    "events": "[]",
    "timestamp_offset": 848.461865000001,
    "duration": 3.000154999999795
}