{
    "id": 282,
    "events": "[]",
    "timestamp_offset": 851.4620200000008,
    "duration": 3.068989999999758
}