{
    "id": 283,
    "events": "[]",
    "timestamp_offset": 854.5310100000006,
    "duration": 3.000215000000084
}