{
    "id": 284,
    "events": "[]",
    "timestamp_offset": 857.5312250000007,
    "duration": 3.0000500000005124
}