{
    "id": 285,
    "events": "[]",
    "timestamp_offset": 860.5312750000013,
    "duration": 3.0000749999999536
}