{
    "id": 286,
    "events": "[]",
    "timestamp_offset": 863.5313500000012,
    "duration": 3.0000499999986494
}