{
    "id": 287,
    "events": "[]",
    "timestamp_offset": 866.5313999999998,
    "duration": 3.0000700000000653
}