{
    "id": 289,
    "events": "[]",
    "timestamp_offset": 872.531575000001,
    "duration": 3.0001549999995625
}