{
    "id": 29,
    "events": "[]",
    "timestamp_offset": 87.47122500000114,
    "duration": 3.0000949999995066
}