{
    "id": 290,
    "events": "[]",
    "timestamp_offset": 875.5317300000006,
    "duration": 3.000195000000531
}