{
    "id": 291,
    "events": "[]",
    "timestamp_offset": 878.5319250000011,
    "duration": 3.049119999999646
}