{
    "id": 292,
    "events": "[]",
    "timestamp_offset": 881.5810450000008,
    "duration": 3.000039999999106
}