{
    "id": 293,
    "events": "[]",
    "timestamp_offset": 884.5810849999999,
    "duration": 3.000155000001425
}