{
    "id": 298,
    "events": "[]",
    "timestamp_offset": 899.6015700000007,
    "duration": 3.000154999999795
}