{
    "id": 299,
    "events": "[]",
    "timestamp_offset": 902.6017250000006,
    "duration": 3.000104999999283
}