{
    "id": 3,
    "events": "[]",
    "timestamp_offset": 9.001580000000132,
    "duration": 3.0699500000009428
}