{
    "id": 30,
    "events": "[]",
    "timestamp_offset": 90.47132000000065,
    "duration": 3.000029999999213
}