{
    "id": 304,
    "events": "[]",
    "timestamp_offset": 917.6712399999998,
    "duration": 3.000030000001192
}