{
    "id": 308,
    "events": "[]",
    "timestamp_offset": 929.7215950000012,
    "duration": 3.000169999999227
}