{
    "id": 309,
    "events": "[]",
    "timestamp_offset": 932.7217650000005,
    "duration": 3.0000300000009594
}