{
    "id": 31,
    "events": "[]",
    "timestamp_offset": 93.47134999999986,
    "duration": 3.0001600000014297
}