{
    "id": 310,
    "events": "[]",
    "timestamp_offset": 935.7217950000014,
    "duration": 3.0691049999988174
}