{
    "id": 311,
    "events": "[]",
    "timestamp_offset": 938.7909000000002,
    "duration": 3.0002249999998605
}