{
    "id": 312,
    "events": "[]",
    "timestamp_offset": 941.7911250000001,
    "duration": 3.0001150000006893
}