{
    "id": 313,
    "events": "[]",
    "timestamp_offset": 944.7912400000008,
    "duration": 3.0500649999994787
}