{
    "id": 314,
    "events": "[]",
    "timestamp_offset": 947.8413050000003,
    "duration": 3.0001000000010243
}