{
    "id": 315,
    "events": "[]",
    "timestamp_offset": 950.8414050000013,
    "duration": 3.0000149999996646
}