{
    "id": 316,
    "events": "[]",
    "timestamp_offset": 953.8414200000009,
    "duration": 3.000265000000596
}