{
    "id": 317,
    "events": "[]",
    "timestamp_offset": 956.8416850000015,
    "duration": 3.0001199999987147
}