{
    "id": 318,
    "events": "[]",
    "timestamp_offset": 959.8418050000001,
    "duration": 3.0700749999997208
}