{
    "id": 319,
    "events": "[]",
    "timestamp_offset": 962.9118799999999,
    "duration": 3.050080000000773
}