{
    "id": 320,
    "events": "[]",
    "timestamp_offset": 965.9619600000007,
    "duration": 3.068979999999981
}