{
    "id": 326,
    "events": "[]",
    "timestamp_offset": 984.1515950000014,
    "duration": 2.9999950000001117
}