{
    "id": 327,
    "events": "[]",
    "timestamp_offset": 987.1515900000015,
    "duration": 3.0000549999985378
}