{
    "id": 328,
    "events": "[]",
    "timestamp_offset": 990.151645,
    "duration": 3.0001800000008663
}