{
    "id": 329,
    "events": "[]",
    "timestamp_offset": 993.1518250000009,
    "duration": 3.049154999998864
}