{
    "id": 330,
    "events": "[]",
    "timestamp_offset": 996.2009799999998,
    "duration": 3.0300800000005403
}