{
    "id": 331,
    "events": "[]",
    "timestamp_offset": 999.2310600000004,
    "duration": 3.000084999999497
}