{
    "id": 332,
    "events": "[]",
    "timestamp_offset": 1002.2311449999999,
    "duration": 3.0001050000011453
}