{
    "id": 333,
    "events": "[]",
    "timestamp_offset": 1005.231250000001,
    "duration": 3.0003350000006614
}