{
    "id": 334,
    "events": "[]",
    "timestamp_offset": 1008.2315850000016,
    "duration": 3.0699150000000373
}