{
    "id": 335,
    "events": "[]",
    "timestamp_offset": 1011.3015000000016,
    "duration": 3.0501049999983514
}