{
    "id": 336,
    "events": "[]",
    "timestamp_offset": 1014.351605,
    "duration": 3.000175000000978
}