{
    "id": 337,
    "events": "[]",
    "timestamp_offset": 1017.3517800000009,
    "duration": 3.000109999999171
}