{
    "id": 338,
    "events": "[]",
    "timestamp_offset": 1020.35189,
    "duration": 3.069175000000512
}