{
    "id": 339,
    "events": "[]",
    "timestamp_offset": 1023.4210650000006,
    "duration": 3.0000249999992086
}