{
    "id": 342,
    "events": "[]",
    "timestamp_offset": 1032.4212100000007,
    "duration": 3.0002299999995157
}