{
    "id": 343,
    "events": "[]",
    "timestamp_offset": 1035.42144,
    "duration": 3.049989999999525
}