{
    "id": 358,
    "events": "[]",
    "timestamp_offset": 1080.8009749999999,
    "duration": 3.000120000000577
}