{
    "id": 359,
    "events": "[]",
    "timestamp_offset": 1083.8010950000005,
    "duration": 3.000039999998873
}