{
    "id": 360,
    "events": "[]",
    "timestamp_offset": 1086.8011349999992,
    "duration": 3.0000150000015275
}