{
    "id": 364,
    "events": "[]",
    "timestamp_offset": 1098.851505,
    "duration": 3.0000949999995066
}