{
    "id": 365,
    "events": "[]",
    "timestamp_offset": 1101.8515999999995,
    "duration": 3.0001250000004656
}