{
    "id": 366,
    "events": "[]",
    "timestamp_offset": 1104.851725,
    "duration": 3.0001150000006893
}