{
    "id": 367,
    "events": "[]",
    "timestamp_offset": 1107.8518400000007,
    "duration": 3.06920999999973
}