{
    "id": 368,
    "events": "[]",
    "timestamp_offset": 1110.9210500000004,
    "duration": 3.0000749999999536
}