{
    "id": 369,
    "events": "[]",
    "timestamp_offset": 1113.9211250000003,
    "duration": 3.000120000000577
}