{
    "id": 370,
    "events": "[]",
    "timestamp_offset": 1116.921245000001,
    "duration": 3.049224999998929
}