{
    "id": 371,
    "events": "[]",
    "timestamp_offset": 1119.9704699999998,
    "duration": 3.020270000000717
}