{
    "id": 372,
    "events": "[]",
    "timestamp_offset": 1122.9907400000004,
    "duration": 3.0008999999992083
}