{
    "id": 373,
    "events": "[]",
    "timestamp_offset": 1125.9916399999997,
    "duration": 3.010089999999618
}