{
    "id": 374,
    "events": "[]",
    "timestamp_offset": 1129.0017299999993,
    "duration": 3.020020000000019
}