{
    "id": 375,
    "events": "[]",
    "timestamp_offset": 1132.0217499999992,
    "duration": 3.0001700000010896
}