{
    "id": 376,
    "events": "[]",
    "timestamp_offset": 1135.0219200000004,
    "duration": 3.049119999999879
}