{
    "id": 377,
    "events": "[]",
    "timestamp_offset": 1138.0710400000003,
    "duration": 3.000079999999609
}