{
    "id": 378,
    "events": "[]",
    "timestamp_offset": 1141.0711199999998,
    "duration": 3.0000099999997767
}