{
    "id": 379,
    "events": "[{\"name\":\"stdin\",\"data\":\"bQ==\",\"target\":\"XTerm:1\",\"delta_time\":1147.027795}]",
    "timestamp_offset": 1144.0711299999996,
    "duration": 3.000330000000773
}