{
    "id": 386,
    "events": "[]",
    "timestamp_offset": 1165.1919150000006,
    "duration": 3.0692399999988265
}