{
    "id": 387,
    "events": "[]",
    "timestamp_offset": 1168.2611549999995,
    "duration": 3.0001000000010243
}