{
    "id": 388,
    "events": "[]",
    "timestamp_offset": 1171.2612550000006,
    "duration": 3.0501749999986494
}