{
    "id": 389,
    "events": "[]",
    "timestamp_offset": 1174.3114299999993,
    "duration": 3.06993500000122
}