{
    "id": 390,
    "events": "[]",
    "timestamp_offset": 1177.3813650000004,
    "duration": 3.0001199999989474
}