{
    "id": 391,
    "events": "[]",
    "timestamp_offset": 1180.3814849999994,
    "duration": 3.0500650000011085
}