{
    "id": 392,
    "events": "[]",
    "timestamp_offset": 1183.4315500000005,
    "duration": 3.0000999999993945
}