{
    "id": 393,
    "events": "[]",
    "timestamp_offset": 1186.4316499999998,
    "duration": 3.0002399999992924
}