{
    "id": 394,
    "events": "[{\"name\":\"stdin\",\"data\":\"Qw==\",\"target\":\"XTerm:1\",\"delta_time\":1191.5253800000007},{\"name\":\"stdin\",\"data\":\"Lw==\",\"target\":\"XTerm:1\",\"delta_time\":1192.0932700000014}]",
    "timestamp_offset": 1189.4318899999992,
    "duration": 3.0700000000016296
}