{
    "id": 397,
    "events": "[]",
    "timestamp_offset": 1198.5510100000004,
    "duration": 3.0000949999995066
}