{
    "id": 398,
    "events": "[]",
    "timestamp_offset": 1201.5511049999998,
    "duration": 3.0002299999995157
}