{
    "id": 399,
    "events": "[]",
    "timestamp_offset": 1204.5513349999992,
    "duration": 3.000019999999553
}