{
    "id": 4,
    "events": "[{\"name\":\"stdin\",\"data\":\"dg==\",\"target\":\"XTerm:1\",\"delta_time\":15.026420000000158}]",
    "timestamp_offset": 12.071530000001076,
    "duration": 3.0001450000000185
}