{
    "id": 400,
    "events": "[]",
    "timestamp_offset": 1207.5513549999987,
    "duration": 3.0000800000017045
}