{
    "id": 407,
    "events": "[]",
    "timestamp_offset": 1228.6410150000002,
    "duration": 3.000079999999609
}