{
    "id": 409,
    "events": "[]",
    "timestamp_offset": 1234.6412900000003,
    "duration": 3.000059999998659
}