{
    "id": 415,
    "events": "[]",
    "timestamp_offset": 1252.692099999999,
    "duration": 3.0688800000008194
}