{
    "id": 417,
    "events": "[]",
    "timestamp_offset": 1258.7610249999987,
    "duration": 3.000200000000419
}