{
    "id": 418,
    "events": "[{\"name\":\"stdin\",\"data\":\"CA==\",\"target\":\"XTerm:1\",\"delta_time\":1262.2801150000016}]",
    "timestamp_offset": 1261.761224999999,
    "duration": 3.000250000000931
}