{
    "id": 422,
    "events": "[]",
    "timestamp_offset": 1273.7616299999997,
    "duration": 3.0001799999990033
}