{
    "id": 430,
    "events": "[{\"name\":\"stdin\",\"data\":\"G1tD\",\"target\":\"XTerm:1\",\"delta_time\":1299.0387850000006}]",
    "timestamp_offset": 1297.831504999999,
    "duration": 3.000084999999497
}