{
    "id": 431,
    "events": "[]",
    "timestamp_offset": 1300.8315899999984,
    "duration": 3.000215000000084
}