{
    "id": 435,
    "events": "[]",
    "timestamp_offset": 1312.9009649999994,
    "duration": 3.0000899999996182
}