{
    "id": 436,
    "events": "[]",
    "timestamp_offset": 1315.901054999999,
    "duration": 3.030264999999432
}