{
    "id": 441,
    "events": "[]",
    "timestamp_offset": 1331.0217749999997,
    "duration": 3.0499600000001954
}