{
    "id": 443,
    "events": "[{\"name\":\"stdin\",\"data\":\"CA==\",\"target\":\"XTerm:1\",\"delta_time\":1340.0857100000014}]",
    "timestamp_offset": 1337.071769999999,
    "duration": 3.0691999999997206
}