{
    "id": 446,
    "events": "[]",
    "timestamp_offset": 1346.1412249999996,
    "duration": 2.9999899999985935
}