{
    "id": 448,
    "events": "[]",
    "timestamp_offset": 1352.1414099999988,
    "duration": 3.000120000000577
}