{
    "id": 45,
    "events": "[]",
    "timestamp_offset": 136.1612100000002,
    "duration": 3.0697149999997344
}