{
    "id": 451,
    "events": "[]",
    "timestamp_offset": 1361.1416999999985,
    "duration": 3.000154999999795
}