{
    "id": 452,
    "events": "[]",
    "timestamp_offset": 1364.1418549999983,
    "duration": 3.049184999999823
}