{
    "id": 453,
    "events": "[]",
    "timestamp_offset": 1367.191039999998,
    "duration": 3.0000200000014154
}