{
    "id": 454,
    "events": "[]",
    "timestamp_offset": 1370.1910599999994,
    "duration": 3.0000549999985378
}