{
    "id": 456,
    "events": "[]",
    "timestamp_offset": 1376.1912599999998,
    "duration": 3.0000949999992734
}