{
    "id": 457,
    "events": "[]",
    "timestamp_offset": 1379.191354999999,
    "duration": 3.0001899999990127
}