{
    "id": 458,
    "events": "[]",
    "timestamp_offset": 1382.191544999998,
    "duration": 3.070000000001397
}