{
    "id": 459,
    "events": "[]",
    "timestamp_offset": 1385.2615449999994,
    "duration": 3.0001849999988917
}