{
    "id": 460,
    "events": "[]",
    "timestamp_offset": 1388.2617299999984,
    "duration": 3.0500000000011642
}