{
    "id": 461,
    "events": "[]",
    "timestamp_offset": 1391.3117299999994,
    "duration": 3.000634999998612
}