{
    "id": 462,
    "events": "[]",
    "timestamp_offset": 1394.312364999998,
    "duration": 3.068560000001453
}