{
    "id": 463,
    "events": "[]",
    "timestamp_offset": 1397.3809249999995,
    "duration": 3.0002399999992924
}