{
    "id": 466,
    "events": "[]",
    "timestamp_offset": 1406.4312699999994,
    "duration": 3.0001849999988917
}