{
    "id": 469,
    "events": "[{\"name\":\"stdin\",\"data\":\"G1sxQCA=\",\"target\":\"XTerm:1\",\"delta_time\":1415.5712500000009}]",
    "timestamp_offset": 1415.4393449999993,
    "duration": 3.0626150000006893
}