{
    "id": 47,
    "events": "[]",
    "timestamp_offset": 142.23120999999998,
    "duration": 3.0300750000005356
}