{
    "id": 472,
    "events": "[]",
    "timestamp_offset": 1424.5509499999991,
    "duration": 3.0000749999999536
}