{
    "id": 473,
    "events": "[]",
    "timestamp_offset": 1427.551024999999,
    "duration": 3.0302399999999907
}