{
    "id": 474,
    "events": "[]",
    "timestamp_offset": 1430.5812649999991,
    "duration": 3.0700249999992084
}