{
    "id": 475,
    "events": "[]",
    "timestamp_offset": 1433.6512899999984,
    "duration": 3.000025000001071
}