{
    "id": 476,
    "events": "[]",
    "timestamp_offset": 1436.6513149999994,
    "duration": 3.000130000000354
}