{
    "id": 477,
    "events": "[]",
    "timestamp_offset": 1439.6514449999997,
    "duration": 3.0000949999995066
}