{
    "id": 485,
    "events": "[]",
    "timestamp_offset": 1463.8415499999992,
    "duration": 3.0000249999992086
}