{
    "id": 486,
    "events": "[]",
    "timestamp_offset": 1466.8415749999983,
    "duration": 3.0000350000010805
}