{
    "id": 487,
    "events": "[]",
    "timestamp_offset": 1469.8416099999995,
    "duration": 3.000019999999553
}