{
    "id": 489,
    "events": "[]",
    "timestamp_offset": 1475.8418199999978,
    "duration": 3.0001250000004656
}