{
    "id": 49,
    "events": "[]",
    "timestamp_offset": 148.26134500000077,
    "duration": 3.0001350000002422
}