{
    "id": 490,
    "events": "[]",
    "timestamp_offset": 1478.8419449999983,
    "duration": 3.069015000000829
}