{
    "id": 491,
    "events": "[]",
    "timestamp_offset": 1481.910959999999,
    "duration": 3.000019999999553
}