{
    "id": 493,
    "events": "[]",
    "timestamp_offset": 1487.9110649999982,
    "duration": 3.000250000000931
}