{
    "id": 494,
    "events": "[]",
    "timestamp_offset": 1490.9113149999991,
    "duration": 3.00010499999905
}