{
    "id": 498,
    "events": "[]",
    "timestamp_offset": 1502.9117499999988,
    "duration": 3.0499949999994134
}