{
    "id": 499,
    "events": "[]",
    "timestamp_offset": 1505.9617449999982,
    "duration": 3.000330000000773
}