{
    "id": 50,
    "events": "[]",
    "timestamp_offset": 151.26148000000103,
    "duration": 3.0001699999993434
}