{
    "id": 501,
    "events": "[{\"name\":\"stdin\",\"data\":\"Yw==\",\"target\":\"XTerm:1\",\"delta_time\":1512.1461150000016},{\"name\":\"stdin\",\"data\":\"CBtbSw==\",\"target\":\"XTerm:1\",\"delta_time\":1513.7962800000007}]",
    "timestamp_offset": 1512.0311349999988,
    "duration": 3.000044999998994
}