{
    "id": 502,
    "events": "[]",
    "timestamp_offset": 1515.031179999998,
    "duration": 3.0000049999998883
}