{
    "id": 503,
    "events": "[]",
    "timestamp_offset": 1518.0311849999978,
    "duration": 3.0001650000012012
}