{
    "id": 504,
    "events": "[]",
    "timestamp_offset": 1521.031349999999,
    "duration": 3.0000749999999536
}