{
    "id": 505,
    "events": "[]",
    "timestamp_offset": 1524.031424999999,
    "duration": 3.0001149999988264
}