{
    "id": 506,
    "events": "[]",
    "timestamp_offset": 1527.031539999998,
    "duration": 3.0001150000006893
}