{
    "id": 51,
    "events": "[]",
    "timestamp_offset": 154.26165000000037,
    "duration": 3.049979999999865
}