{
    "id": 521,
    "events": "[]",
    "timestamp_offset": 1572.2910749999987,
    "duration": 3.0301249999993014
}