{
    "id": 522,
    "events": "[]",
    "timestamp_offset": 1575.321199999998,
    "duration": 3.00008499999973
}