{
    "id": 523,
    "events": "[]",
    "timestamp_offset": 1578.3212849999977,
    "duration": 3.070130000000121
}