{
    "id": 524,
    "events": "[]",
    "timestamp_offset": 1581.3914149999978,
    "duration": 3.0199950000005775
}