{
    "id": 527,
    "events": "[]",
    "timestamp_offset": 1590.411669999999,
    "duration": 3.0001599999994504
}