{
    "id": 528,
    "events": "[]",
    "timestamp_offset": 1593.4118299999984,
    "duration": 3.0490749999990223
}