{
    "id": 529,
    "events": "[]",
    "timestamp_offset": 1596.4609049999974,
    "duration": 3.000219999999972
}