{
    "id": 53,
    "events": "[]",
    "timestamp_offset": 160.3117600000006,
    "duration": 3.000169999999227
}