{
    "id": 530,
    "events": "[]",
    "timestamp_offset": 1599.4611249999973,
    "duration": 3.0699700000004375
}