{
    "id": 532,
    "events": "[]",
    "timestamp_offset": 1605.5312549999974,
    "duration": 3.0002899999998043
}