{
    "id": 538,
    "events": "[]",
    "timestamp_offset": 1623.6718049999972,
    "duration": 3.049275000001071
}