{
    "id": 539,
    "events": "[]",
    "timestamp_offset": 1626.7210799999982,
    "duration": 3.068879999998957
}