{
    "id": 54,
    "events": "[]",
    "timestamp_offset": 163.31192999999982,
    "duration": 3.0692900000013177
}