{
    "id": 547,
    "events": "[]",
    "timestamp_offset": 1650.8419199999978,
    "duration": 3.069009999999311
}