{
    "id": 550,
    "events": "[]",
    "timestamp_offset": 1659.9111649999984,
    "duration": 3.0000099999997767
}