{
    "id": 551,
    "events": "[]",
    "timestamp_offset": 1662.9111749999981,
    "duration": 3.0000999999991618
}