{
    "id": 552,
    "events": "[]",
    "timestamp_offset": 1665.9112749999972,
    "duration": 3.000154999999795
}