{
    "id": 553,
    "events": "[]",
    "timestamp_offset": 1668.911429999997,
    "duration": 3.000200000000652
}