{
    "id": 554,
    "events": "[]",
    "timestamp_offset": 1671.9116299999976,
    "duration": 3.050165000000503
}