{
    "id": 555,
    "events": "[]",
    "timestamp_offset": 1674.9617949999981,
    "duration": 3.0000349999992175
}