{
    "id": 557,
    "events": "[]",
    "timestamp_offset": 1680.9620349999973,
    "duration": 3.0691200000001118
}