{
    "id": 558,
    "events": "[]",
    "timestamp_offset": 1684.0311549999974,
    "duration": 3.0499400000008756
}