{
    "id": 559,
    "events": "[]",
    "timestamp_offset": 1687.0810949999982,
    "duration": 3.0002099999981002
}