{
    "id": 560,
    "events": "[]",
    "timestamp_offset": 1690.0813049999963,
    "duration": 3.000075000002049
}