{
    "id": 563,
    "events": "[]",
    "timestamp_offset": 1699.1515099999963,
    "duration": 3.0001050000009126
}