{
    "id": 564,
    "events": "[]",
    "timestamp_offset": 1702.1516149999973,
    "duration": 3.000039999999106
}