{
    "id": 566,
    "events": "[]",
    "timestamp_offset": 1708.151729999998,
    "duration": 3.04922999999905
}