{
    "id": 57,
    "events": "[]",
    "timestamp_offset": 172.43016999999972,
    "duration": 3.0012550000010525
}