{
    "id": 571,
    "events": "[]",
    "timestamp_offset": 1723.2314399999982,
    "duration": 3.070024999999441
}