{
    "id": 574,
    "events": "[]",
    "timestamp_offset": 1732.3017999999981,
    "duration": 3.000149999999907
}