{
    "id": 575,
    "events": "[]",
    "timestamp_offset": 1735.301949999998,
    "duration": 3.0500149999987336
}