{
    "id": 576,
    "events": "[]",
    "timestamp_offset": 1738.3519649999967,
    "duration": 3.0691550000011922
}