{
    "id": 577,
    "events": "[]",
    "timestamp_offset": 1741.421119999998,
    "duration": 3.0499299999992364
}