{
    "id": 578,
    "events": "[]",
    "timestamp_offset": 1744.4710499999971,
    "duration": 3.0001750000012106
}