{
    "id": 579,
    "events": "[]",
    "timestamp_offset": 1747.4712249999984,
    "duration": 3.0001799999987706
}