{
    "id": 580,
    "events": "[]",
    "timestamp_offset": 1750.4714049999973,
    "duration": 3.0001000000010243
}