{
    "id": 581,
    "events": "[]",
    "timestamp_offset": 1753.4715049999984,
    "duration": 3.0001899999990127
}