{
    "id": 582,
    "events": "[]",
    "timestamp_offset": 1756.4716949999975,
    "duration": 2.999980000000447
}