{
    "id": 583,
    "events": "[]",
    "timestamp_offset": 1759.471674999998,
    "duration": 3.000234999999404
}