{
    "id": 584,
    "events": "[]",
    "timestamp_offset": 1762.4719099999973,
    "duration": 3.0699550000010056
}