{
    "id": 585,
    "events": "[]",
    "timestamp_offset": 1765.5418649999983,
    "duration": 3.0501299999998883
}