{
    "id": 586,
    "events": "[]",
    "timestamp_offset": 1768.5919949999982,
    "duration": 3.0691150000002234
}