{
    "id": 588,
    "events": "[]",
    "timestamp_offset": 1774.6611099999984,
    "duration": 3.000195000000298
}