{
    "id": 589,
    "events": "[]",
    "timestamp_offset": 1777.6613049999987,
    "duration": 3.000154999999795
}