{
    "id": 590,
    "events": "[]",
    "timestamp_offset": 1780.6614599999984,
    "duration": 3.000019999999553
}