{
    "id": 591,
    "events": "[]",
    "timestamp_offset": 1783.661479999998,
    "duration": 3.0001099999989385
}