{
    "id": 592,
    "events": "[]",
    "timestamp_offset": 1786.661589999997,
    "duration": 3.000025000001304
}