{
    "id": 593,
    "events": "[]",
    "timestamp_offset": 1789.6616149999984,
    "duration": 3.0001649999995714
}