{
    "id": 594,
    "events": "[]",
    "timestamp_offset": 1792.6617799999979,
    "duration": 3.0503100000005214
}