{
    "id": 595,
    "events": "[]",
    "timestamp_offset": 1795.7120899999984,
    "duration": 3.0689149999995715
}