{
    "id": 596,
    "events": "[]",
    "timestamp_offset": 1798.781004999998,
    "duration": 3.000050000000745
}