{
    "id": 597,
    "events": "[]",
    "timestamp_offset": 1801.7810549999988,
    "duration": 3.0001199999987147
}