{
    "id": 598,
    "events": "[]",
    "timestamp_offset": 1804.7811749999976,
    "duration": 3.00019000000041
}