{
    "id": 599,
    "events": "[]",
    "timestamp_offset": 1807.781364999998,
    "duration": 3.050040000000503
}