{
    "id": 6,
    "events": "[]",
    "timestamp_offset": 18.071799999999755,
    "duration": 3.050030000000319
}