{
    "id": 60,
    "events": "[]",
    "timestamp_offset": 181.43148500000106,
    "duration": 3.0001350000002422
}