{
    "id": 600,
    "events": "[]",
    "timestamp_offset": 1810.8314049999985,
    "duration": 3.0002050000000744
}