{
    "id": 601,
    "events": "[]",
    "timestamp_offset": 1813.8316099999986,
    "duration": 3.000060000000056
}