{
    "id": 602,
    "events": "[]",
    "timestamp_offset": 1816.8316699999987,
    "duration": 3.0000249999994413
}