{
    "id": 603,
    "events": "[]",
    "timestamp_offset": 1819.831694999998,
    "duration": 3.0002299999999815
}