{
    "id": 604,
    "events": "[]",
    "timestamp_offset": 1822.831924999998,
    "duration": 3.0690649999994783
}