{
    "id": 605,
    "events": "[]",
    "timestamp_offset": 1825.9009899999974,
    "duration": 3.000130000000354
}