{
    "id": 606,
    "events": "[]",
    "timestamp_offset": 1828.9011199999977,
    "duration": 3.0500800000010058
}