{
    "id": 607,
    "events": "[]",
    "timestamp_offset": 1831.9511999999988,
    "duration": 3.0001649999995714
}