{
    "id": 608,
    "events": "[]",
    "timestamp_offset": 1834.9513649999983,
    "duration": 3.00010499999905
}