{
    "id": 609,
    "events": "[]",
    "timestamp_offset": 1837.9514699999972,
    "duration": 3.0002099999999627
}