{
    "id": 61,
    "events": "[]",
    "timestamp_offset": 184.43162000000132,
    "duration": 3.000144999999902
}