{
    "id": 610,
    "events": "[]",
    "timestamp_offset": 1840.9516799999972,
    "duration": 3.0000800000000747
}