{
    "id": 611,
    "events": "[]",
    "timestamp_offset": 1843.9517599999972,
    "duration": 3.069950000000652
}