{
    "id": 617,
    "events": "[]",
    "timestamp_offset": 1862.1912299999976,
    "duration": 3.0000650000004097
}