{
    "id": 618,
    "events": "[]",
    "timestamp_offset": 1865.191294999998,
    "duration": 3.0003400000003166
}