{
    "id": 619,
    "events": "[]",
    "timestamp_offset": 1868.1916349999983,
    "duration": 3.000019999999553
}