{
    "id": 622,
    "events": "[]",
    "timestamp_offset": 1877.2617899999975,
    "duration": 3.029995000001043
}