{
    "id": 625,
    "events": "[]",
    "timestamp_offset": 1886.3410099999974,
    "duration": 3.070195000000298
}