{
    "id": 626,
    "events": "[]",
    "timestamp_offset": 1889.4112049999976,
    "duration": 3.000050000000279
}