{
    "id": 630,
    "events": "[]",
    "timestamp_offset": 1901.4116399999978,
    "duration": 3.0000350000006146
}