{
    "id": 631,
    "events": "[]",
    "timestamp_offset": 1904.4116749999985,
    "duration": 3.0000099999997767
}