{
    "id": 635,
    "events": "[]",
    "timestamp_offset": 1916.461234999998,
    "duration": 3.000019999999553
}