{
    "id": 636,
    "events": "[]",
    "timestamp_offset": 1919.4612549999974,
    "duration": 3.0002099999999627
}