{
    "id": 64,
    "events": "[]",
    "timestamp_offset": 193.55105999999986,
    "duration": 3.0699350000013363
}