{
    "id": 645,
    "events": "[]",
    "timestamp_offset": 1946.7212649999972,
    "duration": 3.069975000000559
}