{
    "id": 646,
    "events": "[]",
    "timestamp_offset": 1949.7912399999977,
    "duration": 3.000120000000577
}