{
    "id": 647,
    "events": "[]",
    "timestamp_offset": 1952.7913599999983,
    "duration": 3.0002800000002607
}