{
    "id": 648,
    "events": "[]",
    "timestamp_offset": 1955.7916399999986,
    "duration": 3.0499399999990127
}