{
    "id": 649,
    "events": "[]",
    "timestamp_offset": 1958.8415799999975,
    "duration": 3.000069999999832
}