{
    "id": 65,
    "events": "[]",
    "timestamp_offset": 196.6209950000012,
    "duration": 3.0001599999995667
}