{
    "id": 650,
    "events": "[]",
    "timestamp_offset": 1961.8416499999973,
    "duration": 3.0001150000006893
}