{
    "id": 651,
    "events": "[]",
    "timestamp_offset": 1964.841764999998,
    "duration": 3.0001099999989385
}