{
    "id": 656,
    "events": "[]",
    "timestamp_offset": 1979.9612999999983,
    "duration": 3.0002499999990686
}