{
    "id": 658,
    "events": "[]",
    "timestamp_offset": 1985.9636749999984,
    "duration": 3.0680449999999255
}