{
    "id": 660,
    "events": "[]",
    "timestamp_offset": 1992.0618549999972,
    "duration": 3.0000200000014154
}