{
    "id": 661,
    "events": "[]",
    "timestamp_offset": 1995.0618749999985,
    "duration": 3.069054999999702
}