{
    "id": 669,
    "events": "[]",
    "timestamp_offset": 2019.3504999999977,
    "duration": 3.0000600000005218
}