{
    "id": 675,
    "events": "[]",
    "timestamp_offset": 2037.4413349999986,
    "duration": 3.0000750000001863
}