{
    "id": 676,
    "events": "[]",
    "timestamp_offset": 2040.4414099999988,
    "duration": 3.0000999999991618
}