{
    "id": 677,
    "events": "[]",
    "timestamp_offset": 2043.4415099999978,
    "duration": 3.000069999999832
}