{
    "id": 679,
    "events": "[]",
    "timestamp_offset": 2049.461699999997,
    "duration": 3.0001350000002422
}