{
    "id": 680,
    "events": "[]",
    "timestamp_offset": 2052.4618349999973,
    "duration": 3.04925
}