{
    "id": 681,
    "events": "[]",
    "timestamp_offset": 2055.5110849999974,
    "duration": 3.000110000000801
}