{
    "id": 682,
    "events": "[]",
    "timestamp_offset": 2058.511194999998,
    "duration": 3.000019999999553
}