{
    "id": 687,
    "events": "[]",
    "timestamp_offset": 2073.511599999997,
    "duration": 3.000230000001378
}