{
    "id": 693,
    "events": "[]",
    "timestamp_offset": 2091.5813449999973,
    "duration": 3.0000550000006334
}