{
    "id": 694,
    "events": "[]",
    "timestamp_offset": 2094.5813999999978,
    "duration": 3.0501549999988637
}