{
    "id": 695,
    "events": "[]",
    "timestamp_offset": 2097.6315549999968,
    "duration": 3.0000049999998883
}