{
    "id": 696,
    "events": "[]",
    "timestamp_offset": 2100.6315599999966,
    "duration": 3.0001000000010243
}