{
    "id": 7,
    "events": "[]",
    "timestamp_offset": 21.121830000000074,
    "duration": 3.069155000001076
}