{
    "id": 702,
    "events": "[]",
    "timestamp_offset": 2118.791139999998,
    "duration": 3.0001899999985473
}