{
    "id": 703,
    "events": "[]",
    "timestamp_offset": 2121.7913299999964,
    "duration": 3.000160000001546
}