{
    "id": 709,
    "events": "[]",
    "timestamp_offset": 2139.911084999996,
    "duration": 3.069870000001043
}