{
    "id": 722,
    "events": "[]",
    "timestamp_offset": 2179.1514299999953,
    "duration": 3.0699550000005402
}