{
    "id": 728,
    "events": "[]",
    "timestamp_offset": 2197.271974999997,
    "duration": 3.0692050000000743
}