{
    "id": 731,
    "events": "[]",
    "timestamp_offset": 2206.341449999996,
    "duration": 3.050035000000149
}