{
    "id": 736,
    "events": "[]",
    "timestamp_offset": 2221.4617999999973,
    "duration": 3.0000449999985284
}