{
    "id": 738,
    "events": "[]",
    "timestamp_offset": 2227.5110749999967,
    "duration": 3.000079999999609
}