{
    "id": 744,
    "events": "[]",
    "timestamp_offset": 2245.6105999999963,
    "duration": 3.001154999999795
}