{
    "id": 753,
    "events": "[]",
    "timestamp_offset": 2272.8016149999967,
    "duration": 3.0000949999997393
}