{
    "id": 754,
    "events": "[]",
    "timestamp_offset": 2275.8017099999965,
    "duration": 3.0001350000002422
}