{
    "id": 755,
    "events": "[]",
    "timestamp_offset": 2278.801844999997,
    "duration": 3.049179999999702
}