{
    "id": 761,
    "events": "[]",
    "timestamp_offset": 2297.040514999997,
    "duration": 3.000739999999758
}