{
    "id": 765,
    "events": "[]",
    "timestamp_offset": 2309.041859999998,
    "duration": 3.0491899999999443
}