{
    "id": 766,
    "events": "[]",
    "timestamp_offset": 2312.0910499999977,
    "duration": 3.000200000000186
}