{
    "id": 770,
    "events": "[]",
    "timestamp_offset": 2324.2115299999978,
    "duration": 2.9999950000001117
}