{
    "id": 779,
    "events": "[]",
    "timestamp_offset": 2351.3315049999974,
    "duration": 3.0699799999999815
}