{
    "id": 782,
    "events": "[]",
    "timestamp_offset": 2360.441704999998,
    "duration": 3.0000249999994413
}