{
    "id": 783,
    "events": "[]",
    "timestamp_offset": 2363.4417299999973,
    "duration": 3.000149999999907
}