{
    "id": 785,
    "events": "[]",
    "timestamp_offset": 2369.4909549999984,
    "duration": 3.0001749999988823
}