{
    "id": 786,
    "events": "[]",
    "timestamp_offset": 2372.491129999997,
    "duration": 3.0001850000009873
}