{
    "id": 787,
    "events": "[]",
    "timestamp_offset": 2375.491314999998,
    "duration": 3.0000049999998883
}