{
    "id": 79,
    "events": "[]",
    "timestamp_offset": 238.86140499999973,
    "duration": 3.000105000001029
}