{
    "id": 790,
    "events": "[]",
    "timestamp_offset": 2384.5614949999967,
    "duration": 3.000160000001546
}