{
    "id": 791,
    "events": "[]",
    "timestamp_offset": 2387.561654999998,
    "duration": 3.050114999999758
}