{
    "id": 792,
    "events": "[]",
    "timestamp_offset": 2390.6117699999977,
    "duration": 3.0000499999988826
}