{
    "id": 793,
    "events": "[]",
    "timestamp_offset": 2393.6118199999964,
    "duration": 3.0001050000009126
}