{
    "id": 8,
    "events": "[]",
    "timestamp_offset": 24.19098500000115,
    "duration": 3.0000499999987076
}