{
    "id": 80,
    "events": "[]",
    "timestamp_offset": 241.86151000000078,
    "duration": 3.00026500000048
}