{
    "id": 803,
    "events": "[]",
    "timestamp_offset": 2423.7314299999957,
    "duration": 3.069495000001509
}