{
    "id": 804,
    "events": "[]",
    "timestamp_offset": 2426.8009249999973,
    "duration": 3.0302149999989196
}