{
    "id": 805,
    "events": "[]",
    "timestamp_offset": 2429.831139999996,
    "duration": 3.0500900000003166
}