{
    "id": 809,
    "events": "[]",
    "timestamp_offset": 2441.9516199999957,
    "duration": 3.0500000000009315
}