{
    "id": 81,
    "events": "[]",
    "timestamp_offset": 244.86177500000124,
    "duration": 3.0000299999993296
}