{
    "id": 810,
    "events": "[]",
    "timestamp_offset": 2445.001619999997,
    "duration": 3.000265000000596
}