{
    "id": 82,
    "events": "[]",
    "timestamp_offset": 247.86180500000057,
    "duration": 3.0491750000000466
}