{
    "id": 83,
    "events": "[]",
    "timestamp_offset": 250.91098000000062,
    "duration": 3.0000700000000653
}