{
    "id": 834,
    "events": "[]",
    "timestamp_offset": 2517.4411349999973,
    "duration": 3.0001199999987147
}