{
    "id": 835,
    "events": "[]",
    "timestamp_offset": 2520.441254999996,
    "duration": 3.0001400000001306
}