{
    "id": 836,
    "events": "[]",
    "timestamp_offset": 2523.441394999996,
    "duration": 3.0000150000015275
}