{
    "id": 837,
    "events": "[]",
    "timestamp_offset": 2526.4414099999976,
    "duration": 3.000124999998603
}