{
    "id": 838,
    "events": "[]",
    "timestamp_offset": 2529.4415349999963,
    "duration": 3.000060000000056
}