{
    "id": 839,
    "events": "[]",
    "timestamp_offset": 2532.441594999996,
    "duration": 3.020230000000447
}