{
    "id": 84,
    "events": "[]",
    "timestamp_offset": 253.9110500000007,
    "duration": 3.000109999999055
}