{
    "id": 840,
    "events": "[]",
    "timestamp_offset": 2535.4618249999967,
    "duration": 3.049860000000801
}