{
    "id": 85,
    "events": "[]",
    "timestamp_offset": 256.91115999999977,
    "duration": 3.0001150000006893
}