{
    "id": 86,
    "events": "[]",
    "timestamp_offset": 259.91127500000044,
    "duration": 3.0000799999998415
}