{
    "id": 861,
    "events": "[]",
    "timestamp_offset": 2599.271009999997,
    "duration": 3.0001150000006893
}