{
    "id": 87,
    "events": "[]",
    "timestamp_offset": 262.9113550000003,
    "duration": 3.0002249999997437
}