{
    "id": 88,
    "events": "[]",
    "timestamp_offset": 265.91158,
    "duration": 3.0000600000002886
}