{
    "id": 882,
    "events": "[]",
    "timestamp_offset": 2662.7204449999977,
    "duration": 3.00080999999959
}