{
    "id": 883,
    "events": "[]",
    "timestamp_offset": 2665.721254999997,
    "duration": 3.000225000000093
}