{
    "id": 89,
    "events": "[]",
    "timestamp_offset": 268.9116400000003,
    "duration": 3.0699550000008893
}