{
    "id": 890,
    "events": "[]",
    "timestamp_offset": 2686.7711099999988,
    "duration": 3.0000649999980813
}