{
    "id": 891,
    "events": "[]",
    "timestamp_offset": 2689.7711749999967,
    "duration": 3.0001700000013223
}