{
    "id": 894,
    "events": "[]",
    "timestamp_offset": 2698.7714599999968,
    "duration": 3.000260000000708
}