{
    "id": 896,
    "events": "[]",
    "timestamp_offset": 2704.7717249999973,
    "duration": 3.040080000001006
}