{
    "id": 898,
    "events": "[]",
    "timestamp_offset": 2710.8118749999985,
    "duration": 3.0691699999989943
}