{
    "id": 899,
    "events": "[]",
    "timestamp_offset": 2713.8810449999974,
    "duration": 3.000040000000503
}