{
    "id": 9,
    "events": "[]",
    "timestamp_offset": 27.191034999999857,
    "duration": 3.000110000000859
}