{
    "id": 901,
    "events": "[]",
    "timestamp_offset": 2719.8812049999983,
    "duration": 3.000109999999404
}