{
    "id": 904,
    "events": "[]",
    "timestamp_offset": 2728.9304349999975,
    "duration": 3.001200000000652
}