{
    "id": 906,
    "events": "[]",
    "timestamp_offset": 2734.9318749999975,
    "duration": 3.0699150000000373
}