{
    "id": 907,
    "events": "[]",
    "timestamp_offset": 2738.0017899999975,
    "duration": 3.0493700000005775
}