{
    "id": 908,
    "events": "[]",
    "timestamp_offset": 2741.051159999998,
    "duration": 3.0699000000003727
}