{
    "id": 909,
    "events": "[]",
    "timestamp_offset": 2744.1210599999986,
    "duration": 3.000069999999832
}