{
    "id": 910,
    "events": "[]",
    "timestamp_offset": 2747.1211299999986,
    "duration": 3.000154999999795
}