{
    "id": 915,
    "events": "[]",
    "timestamp_offset": 2762.1217199999983,
    "duration": 3.0000049999998883
}