{
    "id": 916,
    "events": "[]",
    "timestamp_offset": 2765.121724999998,
    "duration": 3.0002099999999627
}