{
    "id": 917,
    "events": "[]",
    "timestamp_offset": 2768.1219349999983,
    "duration": 3.049074999999255
}