{
    "id": 918,
    "events": "[]",
    "timestamp_offset": 2771.1710099999978,
    "duration": 3.000090000001248
}