{
    "id": 929,
    "events": "[]",
    "timestamp_offset": 2804.4114649999988,
    "duration": 3.069839999999851
}