{
    "id": 930,
    "events": "[]",
    "timestamp_offset": 2807.4813049999984,
    "duration": 3.0001999999987894
}