{
    "id": 931,
    "events": "[]",
    "timestamp_offset": 2810.481504999997,
    "duration": 3.0489000000017694
}