{
    "id": 932,
    "events": "[]",
    "timestamp_offset": 2813.5304049999986,
    "duration": 3.000194999998435
}