{
    "id": 934,
    "events": "[]",
    "timestamp_offset": 2819.531819999997,
    "duration": 3.0700800000014716
}