{
    "id": 935,
    "events": "[]",
    "timestamp_offset": 2822.6018999999983,
    "duration": 3.0502149999993855
}