{
    "id": 937,
    "events": "[{\"name\":\"stdin\",\"data\":\"Yw==\",\"target\":\"XTerm:1\",\"delta_time\":2830.124235000001},{\"name\":\"stdin\",\"data\":\"Yw==\",\"target\":\"XTerm:1\",\"delta_time\":2830.2601600000003}]",
    "timestamp_offset": 2828.6568199999965,
    "duration": 3.0644300000001676
}