{
    "id": 938,
    "events": "[]",
    "timestamp_offset": 2831.721249999997,
    "duration": 3.000050000000745
}