{
    "id": 944,
    "events": "[]",
    "timestamp_offset": 2849.771864999997,
    "duration": 3.0700300000007266
}