{
    "id": 946,
    "events": "[{\"name\":\"stdin\",\"data\":\"Zw==\",\"target\":\"XTerm:1\",\"delta_time\":2858.2602950000005},{\"name\":\"stdin\",\"data\":\"Yw==\",\"target\":\"XTerm:1\",\"delta_time\":2858.436505000002}]",
    "timestamp_offset": 2855.891114999997,
    "duration": 3.0001000000010243
}