{
    "id": 953,
    "events": "[{\"name\":\"stdin\",\"data\":\"IA==\",\"target\":\"XTerm:1\",\"delta_time\":2878.4979500000013}]",
    "timestamp_offset": 2877.091734999997,
    "duration": 3.0002700000000186
}