{
    "id": 954,
    "events": "[]",
    "timestamp_offset": 2880.092004999997,
    "duration": 3.0501899999999442
}