{
    "id": 955,
    "events": "[]",
    "timestamp_offset": 2883.1421949999967,
    "duration": 3.0688450000002048
}