{
    "id": 956,
    "events": "[]",
    "timestamp_offset": 2886.211039999997,
    "duration": 3.0001250000004656
}