{
    "id": 963,
    "events": "[]",
    "timestamp_offset": 2907.211854999998,
    "duration": 3.0000750000001863
}