{
    "id": 978,
    "events": "[]",
    "timestamp_offset": 2952.571419999998,
    "duration": 3.000079999999609
}