{
    "id": 988,
    "events": "[{\"name\":\"stdin\",\"data\":\"Yw==\",\"target\":\"XTerm:1\",\"delta_time\":2985.4820200000013},{\"name\":\"stdin\",\"data\":\"bA==\",\"target\":\"XTerm:1\",\"delta_time\":2985.596010000001}]",
    "timestamp_offset": 2982.761254999999,
    "duration": 3.000264999998733
}