{
    "id": 997,
    "events": "[]",
    "timestamp_offset": 3009.831434999998,
    "duration": 3.0200150000001305
}