{
    "id": 998,
    "events": "[]",
    "timestamp_offset": 3012.851449999998,
    "duration": 3.0002249999996273
}