{
    "id": 106,
    "events": "[]",
    "timestamp_offset": 315.80131999999867,
    "duration": 3.0068000000028405
}