{
    "id": 107,
    "events": "[]",
    "timestamp_offset": 318.8081200000015,
    "duration": 3.0070899999991525
}