{
    "id": 108,
    "events": "[]",
    "timestamp_offset": 321.81521000000066,
    "duration": 3.006095000000612
}