{
    "id": 109,
    "events": "[]",
    "timestamp_offset": 324.82130500000125,
    "duration": 3.0060849999972854
}