{
    "id": 110,
    "events": "[]",
    "timestamp_offset": 327.82738999999856,
    "duration": 3.00711500000034
}