{
    "id": 111,
    "events": "[]",
    "timestamp_offset": 330.8345049999989,
    "duration": 3.0071300000017507
}