{
    "id": 112,
    "events": "[]",
    "timestamp_offset": 333.8416350000006,
    "duration": 3.0060499999999886
}