{
    "id": 120,
    "events": "[]",
    "timestamp_offset": 357.8973650000008,
    "duration": 3.0070899999991525
}