{
    "id": 124,
    "events": "[]",
    "timestamp_offset": 369.92372999999867,
    "duration": 3.334270000002987
}