{
    "id": 125,
    "events": "[]",
    "timestamp_offset": 373.25800000000163,
    "duration": 4.000374999999592
}