{
    "id": 126,
    "events": "[]",
    "timestamp_offset": 377.2583750000012,
    "duration": 3.9997699999985636
}