{
    "id": 127,
    "events": "[]",
    "timestamp_offset": 381.2581449999998,
    "duration": 3.242925000002317
}