{
    "id": 128,
    "events": "[]",
    "timestamp_offset": 384.50107000000213,
    "duration": 3.00622999999905
}