{
    "id": 13,
    "events": "[]",
    "timestamp_offset": 36.104129999999714,
    "duration": 3.011050000000978
}