{
    "id": 133,
    "events": "[]",
    "timestamp_offset": 399.5366900000008,
    "duration": 3.0060899999989195
}