{
    "id": 138,
    "events": "[]",
    "timestamp_offset": 414.5676449999991,
    "duration": 3.0096100000010337
}