{
    "id": 14,
    "events": "[]",
    "timestamp_offset": 39.11518000000069,
    "duration": 3.005635000001348
}