{
    "id": 158,
    "events": "[]",
    "timestamp_offset": 474.7190850000006,
    "duration": 3.006089999998978
}