{
    "id": 159,
    "events": "[]",
    "timestamp_offset": 477.7251749999996,
    "duration": 3.0061249999998836
}