{
    "id": 168,
    "events": "[]",
    "timestamp_offset": 504.78604500000074,
    "duration": 3.0070999999988706
}