{
    "id": 169,
    "events": "[]",
    "timestamp_offset": 507.7931449999996,
    "duration": 3.008095000001078
}