{
    "id": 170,
    "events": "[]",
    "timestamp_offset": 510.8012400000007,
    "duration": 3.005529999998573
}