{
    "id": 182,
    "events": "[]",
    "timestamp_offset": 546.9013899999992,
    "duration": 3.011095000001602
}