{
    "id": 184,
    "events": "[]",
    "timestamp_offset": 552.9186000000008,
    "duration": 3.0071549999993294
}