{
    "id": 185,
    "events": "[]",
    "timestamp_offset": 555.9257550000001,
    "duration": 3.0070300000007264
}