{
    "id": 192,
    "events": "[]",
    "timestamp_offset": 576.977350000001,
    "duration": 3.00595500000054
}