{
    "id": 204,
    "events": "[]",
    "timestamp_offset": 613.0494700000019,
    "duration": 3.0061199999981327
}