{
    "id": 205,
    "events": "[]",
    "timestamp_offset": 616.0555899999998,
    "duration": 3.006099999998696
}