{
    "id": 206,
    "events": "[]",
    "timestamp_offset": 619.0616899999985,
    "duration": 3.0060950000006708
}