{
    "id": 216,
    "events": "[]",
    "timestamp_offset": 649.1466550000005,
    "duration": 3.0060899999989195
}