{
    "id": 233,
    "events": "[]",
    "timestamp_offset": 700.2762849999999,
    "duration": 3.0080999999991618
}