{
    "id": 24,
    "events": "[]",
    "timestamp_offset": 69.1801349999987,
    "duration": 3.0079700000023877
}