{
    "id": 248,
    "events": "[]",
    "timestamp_offset": 745.3877199999988,
    "duration": 3.0061000000024216
}