{
    "id": 257,
    "events": "[]",
    "timestamp_offset": 772.4555900000015,
    "duration": 3.0060950000006708
}