{
    "id": 299,
    "events": "[]",
    "timestamp_offset": 898.7366250000014,
    "duration": 3.0070899999991525
}