{
    "id": 31,
    "events": "[]",
    "timestamp_offset": 90.22981000000073,
    "duration": 3.0071099999986473
}