{
    "id": 32,
    "events": "[]",
    "timestamp_offset": 93.23691999999937,
    "duration": 3.0060799999992014
}