{
    "id": 328,
    "events": "[]",
    "timestamp_offset": 985.9654000000011,
    "duration": 3.0080950000010196
}