{
    "id": 329,
    "events": "[]",
    "timestamp_offset": 988.973495000002,
    "duration": 3.0054999999993015
}