{
    "id": 33,
    "events": "[]",
    "timestamp_offset": 96.24299999999857,
    "duration": 3.006100000002334
}