{
    "id": 331,
    "events": "[]",
    "timestamp_offset": 994.9846849999993,
    "duration": 3.0080950000010196
}