{
    "id": 352,
    "events": "[]",
    "timestamp_offset": 1058.1857000000018,
    "duration": 3.009299999997951
}