{
    "id": 358,
    "events": "[]",
    "timestamp_offset": 1076.2372800000012,
    "duration": 3.0075350000006145
}