{
    "id": 359,
    "events": "[]",
    "timestamp_offset": 1079.2448150000018,
    "duration": 3.005659999998985
}