{
    "id": 360,
    "events": "[]",
    "timestamp_offset": 1082.2504750000007,
    "duration": 3.007505000001518
}