{
    "id": 361,
    "events": "[]",
    "timestamp_offset": 1085.2579800000024,
    "duration": 3.9997999999977183
}