{
    "id": 362,
    "events": "[]",
    "timestamp_offset": 1089.2577800000001,
    "duration": 4.000074999999954
}