{
    "id": 396,
    "events": "[]",
    "timestamp_offset": 1225.2586899999988,
    "duration": 3.999570000000065
}