{
    "id": 446,
    "events": "[]",
    "timestamp_offset": 1425.257460000001,
    "duration": 4.000960000001127
}