{
    "id": 450,
    "events": "[]",
    "timestamp_offset": 1441.2579499999993,
    "duration": 4.000145000001881
}