{
    "id": 451,
    "events": "[]",
    "timestamp_offset": 1445.258095000001,
    "duration": 3.008069999999832
}