{
    "id": 478,
    "events": "[]",
    "timestamp_offset": 1526.4516599999988,
    "duration": 3.0080900000031106
}