{
    "id": 505,
    "events": "[]",
    "timestamp_offset": 1607.6667449999986,
    "duration": 3.590800000001676
}