{
    "id": 506,
    "events": "[]",
    "timestamp_offset": 1611.2575450000004,
    "duration": 3.999994999998249
}