{
    "id": 507,
    "events": "[]",
    "timestamp_offset": 1615.2575399999987,
    "duration": 4.0001250000023285
}