{
    "id": 508,
    "events": "[]",
    "timestamp_offset": 1619.257665000001,
    "duration": 4.000124999998836
}