{
    "id": 509,
    "events": "[]",
    "timestamp_offset": 1623.2577899999999,
    "duration": 4.000125000002096
}