{
    "id": 510,
    "events": "[]",
    "timestamp_offset": 1627.257915000002,
    "duration": 4.000124999998836
}