{
    "id": 511,
    "events": "[]",
    "timestamp_offset": 1631.2580400000008,
    "duration": 4.00015999999945
}