{
    "id": 512,
    "events": "[]",
    "timestamp_offset": 1635.2582000000002,
    "duration": 3.999175000000978
}