{
    "id": 513,
    "events": "[]",
    "timestamp_offset": 1639.2573750000013,
    "duration": 4.001335000000661
}