{
    "id": 514,
    "events": "[]",
    "timestamp_offset": 1643.2587100000019,
    "duration": 3.9988549999981187
}