{
    "id": 515,
    "events": "[]",
    "timestamp_offset": 1647.2575649999999,
    "duration": 4.000445000001462
}