{
    "id": 516,
    "events": "[]",
    "timestamp_offset": 1651.2580100000014,
    "duration": 4.0001149999990595
}