{
    "id": 517,
    "events": "[]",
    "timestamp_offset": 1655.2581250000005,
    "duration": 3.9998149999990127
}