{
    "id": 518,
    "events": "[]",
    "timestamp_offset": 1659.2579399999995,
    "duration": 4.000120000000577
}