{
    "id": 544,
    "events": "[{\"type\":\"stdin\",\"target\":\"Main player:tab[1]\",\"data\":\"G1szODs1OzI1NW1qCBsoQhtbbQ==\",\"delta_time\":1767.1508099999992}]",
    "timestamp_offset": 1763.2582450000011,
    "duration": 3.9993499999982305
}