{
    "id": 550,
    "events": "[]",
    "timestamp_offset": 1787.2580100000014,
    "duration": 4.000134999998379
}