{
    "id": 551,
    "events": "[]",
    "timestamp_offset": 1791.2581449999998,
    "duration": 4.000120000000577
}