{
    "id": 552,
    "events": "[]",
    "timestamp_offset": 1795.2582650000004,
    "duration": 3.9991499999996742
}