{
    "id": 562,
    "events": "[]",
    "timestamp_offset": 1835.2575550000001,
    "duration": 4.000120000000577
}