{
    "id": 563,
    "events": "[]",
    "timestamp_offset": 1839.2576750000007,
    "duration": 4.000134999998379
}