{
    "id": 564,
    "events": "[]",
    "timestamp_offset": 1843.2578099999992,
    "duration": 4.0001250000023285
}