{
    "id": 576,
    "events": "[]",
    "timestamp_offset": 1891.2572800000016,
    "duration": 4.000174999997485
}