{
    "id": 577,
    "events": "[]",
    "timestamp_offset": 1895.2574549999993,
    "duration": 4.000135000002105
}