{
    "id": 578,
    "events": "[]",
    "timestamp_offset": 1899.2575900000013,
    "duration": 4.000179999999004
}