{
    "id": 579,
    "events": "[]",
    "timestamp_offset": 1903.2577700000002,
    "duration": 4.000210000002058
}