{
    "id": 580,
    "events": "[]",
    "timestamp_offset": 1907.2579800000024,
    "duration": 3.999994999998249
}