{
    "id": 581,
    "events": "[]",
    "timestamp_offset": 1911.2579750000007,
    "duration": 4.000195000000531
}