{
    "id": 582,
    "events": "[]",
    "timestamp_offset": 1915.2581700000012,
    "duration": 4.000059999998426
}