{
    "id": 586,
    "events": "[]",
    "timestamp_offset": 1931.2576150000023,
    "duration": 4.000124999998603
}