{
    "id": 602,
    "events": "[]",
    "timestamp_offset": 1995.2629699999998,
    "duration": 3.9948150000018066
}