{
    "id": 609,
    "events": "[]",
    "timestamp_offset": 2023.2581250000005,
    "duration": 3.999554999998305
}