{
    "id": 610,
    "events": "[]",
    "timestamp_offset": 2027.2576799999988,
    "duration": 4.000120000000577
}