{
    "id": 611,
    "events": "[]",
    "timestamp_offset": 2031.2577999999994,
    "duration": 4.000145000001881
}