{
    "id": 612,
    "events": "[]",
    "timestamp_offset": 2035.2579450000012,
    "duration": 4.000120000000577
}