{
    "id": 615,
    "events": "[]",
    "timestamp_offset": 2047.257314999999,
    "duration": 4.000140000000131
}