{
    "id": 616,
    "events": "[]",
    "timestamp_offset": 2051.257454999999,
    "duration": 4.000120000000577
}