{
    "id": 618,
    "events": "[]",
    "timestamp_offset": 2059.2577100000017,
    "duration": 4.000119999996852
}