{
    "id": 619,
    "events": "[]",
    "timestamp_offset": 2063.2578299999986,
    "duration": 4.000120000000577
}