{
    "id": 628,
    "events": "[]",
    "timestamp_offset": 2099.2579499999993,
    "duration": 3.9998599999998694
}