{
    "id": 629,
    "events": "[]",
    "timestamp_offset": 2103.257809999999,
    "duration": 4.000385000003036
}