{
    "id": 63,
    "events": "[]",
    "timestamp_offset": 186.47088499999882,
    "duration": 3.0070900000027905
}