{
    "id": 630,
    "events": "[]",
    "timestamp_offset": 2107.258195000002,
    "duration": 3.999404999998864
}