{
    "id": 631,
    "events": "[]",
    "timestamp_offset": 2111.257600000001,
    "duration": 3.9997099999999626
}