{
    "id": 632,
    "events": "[]",
    "timestamp_offset": 2115.257310000001,
    "duration": 4.000159999999683
}