{
    "id": 633,
    "events": "[]",
    "timestamp_offset": 2119.2574700000005,
    "duration": 4.0002700000004845
}