{
    "id": 634,
    "events": "[]",
    "timestamp_offset": 2123.2577400000014,
    "duration": 4.000785000000149
}