{
    "id": 638,
    "events": "[]",
    "timestamp_offset": 2139.258245000001,
    "duration": 3.999124999998603
}