{
    "id": 639,
    "events": "[]",
    "timestamp_offset": 2143.25737,
    "duration": 4.0001299999998885
}