{
    "id": 640,
    "events": "[]",
    "timestamp_offset": 2147.2574999999997,
    "duration": 4.000130000000819
}