{
    "id": 641,
    "events": "[]",
    "timestamp_offset": 2151.2576300000005,
    "duration": 4.000135000001639
}