{
    "id": 658,
    "events": "[]",
    "timestamp_offset": 2219.2577950000014,
    "duration": 4.000149999999907
}