{
    "id": 659,
    "events": "[]",
    "timestamp_offset": 2223.257945000001,
    "duration": 4.0001100000008005
}