{
    "id": 664,
    "events": "[]",
    "timestamp_offset": 2243.2575800000013,
    "duration": 4.000124999998603
}