{
    "id": 72,
    "events": "[]",
    "timestamp_offset": 213.55476999999883,
    "duration": 3.0050700000028883
}