{
    "id": 78,
    "events": "[]",
    "timestamp_offset": 231.59232500000144,
    "duration": 3.0070899999991525
}