{
    "id": 1,
    "events": "[{\"name\":\"tab_change\",\"data\":{\"index\":1},\"target\":\":player:\",\"delta_time\":3.3175300000002608}]",
    "timestamp_offset": 3.0380549999999857,
    "duration": 3.0001550000001806
}