{
    "id": 10,
    "events": "[]",
    "timestamp_offset": 30.18788500000027,
    "duration": 3.0002599999998054
}