{
    "id": 11,
    "events": "[]",
    "timestamp_offset": 33.18814500000008,
    "duration": 3.060120000000097
}