{
    "id": 12,
    "events": "[]",
    "timestamp_offset": 36.248265000000174,
    "duration": 3.0000150000000723
}