{
    "id": 13,
    "events": "[]",
    "timestamp_offset": 39.24828000000025,
    "duration": 3.0000949999998703
}