{
    "id": 132,
    "events": "[]",
    "timestamp_offset": 398.4889000000004,
    "duration": 3.059049999999872
}