{
    "id": 137,
    "events": "[]",
    "timestamp_offset": 413.60832500000026,
    "duration": 3.04001999999996
}