{
    "id": 14,
    "events": "[]",
    "timestamp_offset": 42.248375000000124,
    "duration": 3.0001750000001337
}