{
    "id": 147,
    "events": "[]",
    "timestamp_offset": 443.91823500000027,
    "duration": 3.0001499999998487
}