{
    "id": 15,
    "events": "[]",
    "timestamp_offset": 45.24855000000026,
    "duration": 3.039869999999617
}