{
    "id": 16,
    "events": "[]",
    "timestamp_offset": 48.288419999999874,
    "duration": 3.0004100000000906
}