{
    "id": 161,
    "events": "[]",
    "timestamp_offset": 486.2984650000005,
    "duration": 3.0001399999996647
}