{
    "id": 18,
    "events": "[]",
    "timestamp_offset": 54.28888499999994,
    "duration": 3.0590350000002218
}