{
    "id": 19,
    "events": "[]",
    "timestamp_offset": 57.34792000000016,
    "duration": 3.0000299999996933
}