{
    "id": 190,
    "events": "[]",
    "timestamp_offset": 574.0583900000004,
    "duration": 3.000250000000116
}