{
    "id": 20,
    "events": "[]",
    "timestamp_offset": 60.347949999999855,
    "duration": 3.0001150000002816
}