{
    "id": 21,
    "events": "[]",
    "timestamp_offset": 63.34806500000013,
    "duration": 3.0001099999999425
}