{
    "id": 22,
    "events": "[]",
    "timestamp_offset": 66.34817500000008,
    "duration": 3.0000249999998343
}