{
    "id": 220,
    "events": "[]",
    "timestamp_offset": 664.7282750000004,
    "duration": 3.060030000000144
}