{
    "id": 221,
    "events": "[]",
    "timestamp_offset": 667.7883050000005,
    "duration": 3.00024000000034
}