{
    "id": 226,
    "events": "[]",
    "timestamp_offset": 682.8779250000007,
    "duration": 3.059959999999963
}