{
    "id": 227,
    "events": "[]",
    "timestamp_offset": 685.9378850000006,
    "duration": 3.0000499999996975
}