{
    "id": 228,
    "events": "[]",
    "timestamp_offset": 688.9379350000003,
    "duration": 3.0001350000002422
}