{
    "id": 23,
    "events": "[]",
    "timestamp_offset": 69.34819999999992,
    "duration": 3.0001999999999387
}