{
    "id": 233,
    "events": "[]",
    "timestamp_offset": 703.9384450000003,
    "duration": 3.0001149999998744
}