{
    "id": 24,
    "events": "[]",
    "timestamp_offset": 72.34839999999986,
    "duration": 3.000065000000177
}