{
    "id": 249,
    "events": "[]",
    "timestamp_offset": 752.2680550000001,
    "duration": 3.000140000000014
}