{
    "id": 25,
    "events": "[]",
    "timestamp_offset": 75.34846500000003,
    "duration": 3.0600150000000284
}