{
    "id": 254,
    "events": "[]",
    "timestamp_offset": 767.2686450000001,
    "duration": 3.000179999999935
}