{
    "id": 269,
    "events": "[]",
    "timestamp_offset": 812.6379599999999,
    "duration": 3.000219999999972
}