{
    "id": 270,
    "events": "[]",
    "timestamp_offset": 815.6381799999999,
    "duration": 2.9999600000000792
}