{
    "id": 271,
    "events": "[]",
    "timestamp_offset": 818.63814,
    "duration": 3.00011500000034
}