{
    "id": 272,
    "events": "[]",
    "timestamp_offset": 821.6382550000004,
    "duration": 3.020059999999823
}