{
    "id": 276,
    "events": "[]",
    "timestamp_offset": 833.7185850000002,
    "duration": 3.0001700000002747
}