{
    "id": 277,
    "events": "[]",
    "timestamp_offset": 836.7187550000004,
    "duration": 3.0601099999998698
}