{
    "id": 278,
    "events": "[]",
    "timestamp_offset": 839.7788650000003,
    "duration": 3.0591749999998137
}