{
    "id": 279,
    "events": "[]",
    "timestamp_offset": 842.8380400000002,
    "duration": 3.000050000000163
}