{
    "id": 28,
    "events": "[]",
    "timestamp_offset": 84.40862500000003,
    "duration": 3.04017500000009
}