{
    "id": 280,
    "events": "[]",
    "timestamp_offset": 845.8380900000004,
    "duration": 3.000064999999711
}