{
    "id": 281,
    "events": "[]",
    "timestamp_offset": 848.8381550000001,
    "duration": 3.000190000000177
}