{
    "id": 282,
    "events": "[]",
    "timestamp_offset": 851.8383450000003,
    "duration": 3.0000249999999067
}