{
    "id": 283,
    "events": "[]",
    "timestamp_offset": 854.8383700000003,
    "duration": 3.0300500000002795
}