{
    "id": 289,
    "events": "[]",
    "timestamp_offset": 872.9280450000005,
    "duration": 3.0599299999998184
}