{
    "id": 29,
    "events": "[]",
    "timestamp_offset": 87.44880000000012,
    "duration": 3.0592149999997638
}