{
    "id": 290,
    "events": "[]",
    "timestamp_offset": 875.9879750000002,
    "duration": 3.000109999999986
}