{
    "id": 307,
    "events": "[]",
    "timestamp_offset": 927.1986350000004,
    "duration": 3.0400399999998045
}