{
    "id": 308,
    "events": "[]",
    "timestamp_offset": 930.2386750000002,
    "duration": 3.0002100000001954
}