{
    "id": 309,
    "events": "[]",
    "timestamp_offset": 933.2388850000003,
    "duration": 3.0591449999996696
}