{
    "id": 311,
    "events": "[]",
    "timestamp_offset": 939.29803,
    "duration": 3.0000550000004003
}