{
    "id": 312,
    "events": "[]",
    "timestamp_offset": 942.2980850000005,
    "duration": 3.000219999999972
}