{
    "id": 313,
    "events": "[]",
    "timestamp_offset": 945.2983050000005,
    "duration": 3.000144999999902
}