{
    "id": 314,
    "events": "[]",
    "timestamp_offset": 948.2984500000003,
    "duration": 3.0298850000000095
}