{
    "id": 315,
    "events": "[]",
    "timestamp_offset": 951.3283350000004,
    "duration": 3.000125
}