{
    "id": 316,
    "events": "[]",
    "timestamp_offset": 954.3284600000004,
    "duration": 3.0002249999997437
}