{
    "id": 317,
    "events": "[]",
    "timestamp_offset": 957.3286850000002,
    "duration": 3.060080000000191
}