{
    "id": 318,
    "events": "[]",
    "timestamp_offset": 960.3887650000004,
    "duration": 3.0001050000000977
}