{
    "id": 319,
    "events": "[]",
    "timestamp_offset": 963.3888700000005,
    "duration": 3.0591850000000558
}