{
    "id": 320,
    "events": "[]",
    "timestamp_offset": 966.4480550000005,
    "duration": 3.060015000000014
}