{
    "id": 321,
    "events": "[]",
    "timestamp_offset": 969.5080700000005,
    "duration": 3.0001149999998744
}