{
    "id": 322,
    "events": "[]",
    "timestamp_offset": 972.5081850000004,
    "duration": 3.0000350000000324
}