{
    "id": 323,
    "events": "[]",
    "timestamp_offset": 975.5082200000004,
    "duration": 3.0000850000000794
}