{
    "id": 324,
    "events": "[]",
    "timestamp_offset": 978.5083050000005,
    "duration": 3.0000350000000324
}