{
    "id": 325,
    "events": "[]",
    "timestamp_offset": 981.5083400000005,
    "duration": 3.000119999999646
}