{
    "id": 326,
    "events": "[]",
    "timestamp_offset": 984.5084600000002,
    "duration": 3.0000900000000836
}