{
    "id": 327,
    "events": "[]",
    "timestamp_offset": 987.5085500000004,
    "duration": 3.028885000000126
}