{
    "id": 328,
    "events": "[]",
    "timestamp_offset": 990.5374350000005,
    "duration": 3.0014299999998184
}