{
    "id": 329,
    "events": "[]",
    "timestamp_offset": 993.5388650000003,
    "duration": 3.0590400000000373
}