{
    "id": 330,
    "events": "[]",
    "timestamp_offset": 996.5979050000003,
    "duration": 3.0588400000002003
}