{
    "id": 331,
    "events": "[]",
    "timestamp_offset": 999.6567450000005,
    "duration": 3.001249999999767
}