{
    "id": 332,
    "events": "[]",
    "timestamp_offset": 1002.6579950000003,
    "duration": 3.0002100000001954
}