{
    "id": 333,
    "events": "[]",
    "timestamp_offset": 1005.6582050000004,
    "duration": 3.0001499999997905
}