{
    "id": 334,
    "events": "[]",
    "timestamp_offset": 1008.6583550000001,
    "duration": 3.060030000000261
}