{
    "id": 335,
    "events": "[]",
    "timestamp_offset": 1011.7183850000004,
    "duration": 3.0001099999998697
}