{
    "id": 336,
    "events": "[]",
    "timestamp_offset": 1014.7184950000002,
    "duration": 3.0001099999998697
}