{
    "id": 337,
    "events": "[]",
    "timestamp_offset": 1017.718605,
    "duration": 3.0001450000000185
}