{
    "id": 338,
    "events": "[]",
    "timestamp_offset": 1020.71875,
    "duration": 3.060130000000354
}