{
    "id": 347,
    "events": "[]",
    "timestamp_offset": 1048.0786649999998,
    "duration": 3.0198850000000093
}