{
    "id": 348,
    "events": "[]",
    "timestamp_offset": 1051.0985499999997,
    "duration": 0.39795000000018627
}