{
    "id": 36,
    "events": "[]",
    "timestamp_offset": 108.68852500000003,
    "duration": 2.9999900000002526
}