{
    "id": 37,
    "events": "[]",
    "timestamp_offset": 111.68851500000028,
    "duration": 3.0000799999998127
}