{
    "id": 38,
    "events": "[]",
    "timestamp_offset": 114.68859500000009,
    "duration": 3.0401099999998986
}