{
    "id": 39,
    "events": "[]",
    "timestamp_offset": 117.72870499999999,
    "duration": 3.059250000000262
}