{
    "id": 40,
    "events": "[]",
    "timestamp_offset": 120.78795500000025,
    "duration": 2.9999899999997868
}