{
    "id": 43,
    "events": "[]",
    "timestamp_offset": 129.7882950000003,
    "duration": 3.0300749999996914
}