{
    "id": 44,
    "events": "[]",
    "timestamp_offset": 132.81837,
    "duration": 3.000065000000177
}