{
    "id": 45,
    "events": "[]",
    "timestamp_offset": 135.81843500000016,
    "duration": 3.000039999999892
}