{
    "id": 47,
    "events": "[]",
    "timestamp_offset": 141.8187000000003,
    "duration": 3.0600899999999385
}