{
    "id": 5,
    "events": "[]",
    "timestamp_offset": 15.068505000000187,
    "duration": 3.00020499999982
}