{
    "id": 50,
    "events": "[]",
    "timestamp_offset": 150.9378649999999,
    "duration": 3.0001150000002816
}