{
    "id": 6,
    "events": "[]",
    "timestamp_offset": 18.068710000000006,
    "duration": 3.000045000000231
}