{
    "id": 60,
    "events": "[]",
    "timestamp_offset": 181.0287550000003,
    "duration": 3.0591949999998325
}