{
    "id": 61,
    "events": "[]",
    "timestamp_offset": 184.08795000000015,
    "duration": 3.0000949999998556
}