{
    "id": 62,
    "events": "[]",
    "timestamp_offset": 187.088045,
    "duration": 3.0000300000001734
}