{
    "id": 63,
    "events": "[]",
    "timestamp_offset": 190.08807500000017,
    "duration": 3.0001899999997406
}