{
    "id": 64,
    "events": "[]",
    "timestamp_offset": 193.08826499999992,
    "duration": 3.0000450000002163
}