{
    "id": 65,
    "events": "[]",
    "timestamp_offset": 196.08831000000015,
    "duration": 3.000114999999845
}