{
    "id": 7,
    "events": "[]",
    "timestamp_offset": 21.068755000000237,
    "duration": 3.060019999999895
}