{
    "id": 72,
    "events": "[]",
    "timestamp_offset": 217.1779400000001,
    "duration": 3.000025000000285
}