{
    "id": 8,
    "events": "[]",
    "timestamp_offset": 24.128775000000132,
    "duration": 3.059069999999796
}