{
    "id": 89,
    "events": "[]",
    "timestamp_offset": 268.5286500000002,
    "duration": 3.000125
}