{
    "id": 9,
    "events": "[]",
    "timestamp_offset": 27.18784499999993,
    "duration": 3.0000400000003427
}