{
    "id": 90,
    "events": "[]",
    "timestamp_offset": 271.5287750000002,
    "duration": 3.0000700000000653
}