{
    "id": 97,
    "events": "[]",
    "timestamp_offset": 292.7010399999999,
    "duration": 3.027565000000293
}