{
    "id": 98,
    "events": "[]",
    "timestamp_offset": 295.7286050000002,
    "duration": 3.0598849999997184
}