{
    "id": 10,
    "events": "[]",
    "timestamp_offset": 30.17265000000043,
    "duration": 3.0568299999999944
}