{
    "id": 101,
    "events": "[{\"name\":\"tab_change\",\"data\":{\"index\":0},\"target\":\":player:\",\"delta_time\":306.0920150000002}]",
    "timestamp_offset": 304.8212250000001,
    "duration": 3.059514999999956
}