{
    "id": 105,
    "events": "[{\"name\":\"tab_change\",\"data\":{\"index\":1},\"target\":\":player:\",\"delta_time\":318.2943200000005}]",
    "timestamp_offset": 317.0012350000001,
    "duration": 3.0591100000001026
}