{
    "id": 106,
    "events": "[]",
    "timestamp_offset": 320.0603450000002,
    "duration": 3.000099999999744
}