{
    "id": 107,
    "events": "[]",
    "timestamp_offset": 323.06044499999996,
    "duration": 3.0001700000002747
}