{
    "id": 11,
    "events": "[]",
    "timestamp_offset": 33.22948000000042,
    "duration": 3.001009999999951
}