{
    "id": 110,
    "events": "[]",
    "timestamp_offset": 332.12086500000026,
    "duration": 2.9999699999998555
}