{
    "id": 111,
    "events": "[]",
    "timestamp_offset": 335.1208350000001,
    "duration": 3.0001600000000326
}