{
    "id": 114,
    "events": "[]",
    "timestamp_offset": 344.1273250000004,
    "duration": 3.053104999999923
}