{
    "id": 117,
    "events": "[]",
    "timestamp_offset": 353.26070500000014,
    "duration": 3.000234999999928
}