{
    "id": 12,
    "events": "[]",
    "timestamp_offset": 36.23049000000037,
    "duration": 3.0003349999997155
}