{
    "id": 120,
    "events": "[]",
    "timestamp_offset": 362.3200100000003,
    "duration": 3.0002449999997625
}