{
    "id": 121,
    "events": "[]",
    "timestamp_offset": 365.3202550000001,
    "duration": 3.0028800000000047
}