{
    "id": 122,
    "events": "[]",
    "timestamp_offset": 368.3231350000001,
    "duration": 3.057375000000291
}