{
    "id": 123,
    "events": "[]",
    "timestamp_offset": 371.38051000000036,
    "duration": 3.060119999999646
}