{
    "id": 124,
    "events": "[]",
    "timestamp_offset": 374.44063,
    "duration": 3.0599400000001187
}