{
    "id": 126,
    "events": "[]",
    "timestamp_offset": 380.50083000000035,
    "duration": 3.0002249999998023
}