{
    "id": 127,
    "events": "[]",
    "timestamp_offset": 383.5010550000002,
    "duration": 3.0199149999998043
}