{
    "id": 128,
    "events": "[]",
    "timestamp_offset": 386.52097,
    "duration": 3.000200000000419
}