{
    "id": 129,
    "events": "[]",
    "timestamp_offset": 389.5211700000004,
    "duration": 3.059099999999977
}