{
    "id": 13,
    "events": "[]",
    "timestamp_offset": 39.23082500000009,
    "duration": 3.0011300000001064
}