{
    "id": 130,
    "events": "[]",
    "timestamp_offset": 392.5802700000004,
    "duration": 3.0401349999997183
}