{
    "id": 131,
    "events": "[]",
    "timestamp_offset": 395.6204050000001,
    "duration": 3.030085000000312
}