{
    "id": 132,
    "events": "[]",
    "timestamp_offset": 398.65049000000045,
    "duration": 3.0001449999999603
}