{
    "id": 14,
    "events": "[]",
    "timestamp_offset": 42.2319550000002,
    "duration": 3.0024499999999534
}