{
    "id": 145,
    "events": "[]",
    "timestamp_offset": 437.8328900000002,
    "duration": 3.0561849999999393
}