{
    "id": 15,
    "events": "[]",
    "timestamp_offset": 45.23440500000015,
    "duration": 3.0556300000002956
}