{
    "id": 155,
    "events": "[]",
    "timestamp_offset": 468.1502950000004,
    "duration": 3.000154999999737
}