{
    "id": 16,
    "events": "[]",
    "timestamp_offset": 48.290035000000444,
    "duration": 3.0021299999998448
}