{
    "id": 17,
    "events": "[]",
    "timestamp_offset": 51.29216500000029,
    "duration": 3.0003349999997297
}