{
    "id": 173,
    "events": "[]",
    "timestamp_offset": 522.3704050000002,
    "duration": 3.000254999999888
}