{
    "id": 18,
    "events": "[]",
    "timestamp_offset": 54.29250000000002,
    "duration": 3.0010050000000774
}