{
    "id": 19,
    "events": "[]",
    "timestamp_offset": 57.293505000000096,
    "duration": 3.0039000000001543
}