{
    "id": 195,
    "events": "[]",
    "timestamp_offset": 588.9102100000006,
    "duration": 3.0001250000001165
}