{
    "id": 196,
    "events": "[]",
    "timestamp_offset": 591.9103350000007,
    "duration": 3.0001049999996323
}