{
    "id": 197,
    "events": "[]",
    "timestamp_offset": 594.9104400000003,
    "duration": 3.0001099999998697
}