{
    "id": 198,
    "events": "[]",
    "timestamp_offset": 597.9105500000002,
    "duration": 3.0002900000003865
}