{
    "id": 199,
    "events": "[]",
    "timestamp_offset": 600.9108400000006,
    "duration": 3.0200350000000324
}