{
    "id": 20,
    "events": "[]",
    "timestamp_offset": 60.29740500000025,
    "duration": 3.0532499999999274
}