{
    "id": 200,
    "events": "[]",
    "timestamp_offset": 603.9308750000006,
    "duration": 3.0002700000000186
}