{
    "id": 203,
    "events": "[]",
    "timestamp_offset": 612.9902850000005,
    "duration": 3.000144999999902
}