{
    "id": 21,
    "events": "[]",
    "timestamp_offset": 63.35065500000018,
    "duration": 3.0000900000000112
}