{
    "id": 217,
    "events": "[]",
    "timestamp_offset": 655.4109850000007,
    "duration": 3.000149999999907
}