{
    "id": 22,
    "events": "[]",
    "timestamp_offset": 66.35074500000019,
    "duration": 3.019139999999883
}