{
    "id": 220,
    "events": "[]",
    "timestamp_offset": 664.4909900000005,
    "duration": 3.0294899999998743
}