{
    "id": 228,
    "events": "[{\"name\":\"stdin\",\"data\":\"G1szODs1OzI1NW1xGyhCG1tt\",\"target\":\"XTerm:1\",\"delta_time\":688.8981000000003}]",
    "timestamp_offset": 688.7205050000005,
    "duration": 3.0000749999999536
}