{
    "id": 23,
    "events": "[]",
    "timestamp_offset": 69.36988500000007,
    "duration": 3.0011650000001246
}