{
    "id": 24,
    "events": "[]",
    "timestamp_offset": 72.3710500000002,
    "duration": 3.018000000000029
}