{
    "id": 25,
    "events": "[]",
    "timestamp_offset": 75.38905000000022,
    "duration": 3.021345000000103
}