{
    "id": 258,
    "events": "[{\"name\":\"tab_change\",\"data\":{\"index\":1},\"target\":\":player:\",\"delta_time\":781.4956950000001}]",
    "timestamp_offset": 779.4110750000004,
    "duration": 3.019209999999963
}