{
    "id": 26,
    "events": "[]",
    "timestamp_offset": 78.41039500000034,
    "duration": 3.0600249999997757
}