{
    "id": 263,
    "events": "[]",
    "timestamp_offset": 794.4907350000003,
    "duration": 3.0000150000001304
}