{
    "id": 264,
    "events": "[]",
    "timestamp_offset": 797.4907500000004,
    "duration": 3.0002049999997253
}