{
    "id": 265,
    "events": "[]",
    "timestamp_offset": 800.4909550000001,
    "duration": 3.000175000000163
}