{
    "id": 266,
    "events": "[]",
    "timestamp_offset": 803.4911300000002,
    "duration": 3.0591350000000093
}