{
    "id": 267,
    "events": "[]",
    "timestamp_offset": 806.5502650000002,
    "duration": 2.9999950000001117
}