{
    "id": 268,
    "events": "[]",
    "timestamp_offset": 809.5502600000003,
    "duration": 3.030079999999958
}