{
    "id": 269,
    "events": "[]",
    "timestamp_offset": 812.5803400000003,
    "duration": 3.0002249999997437
}