{
    "id": 27,
    "events": "[]",
    "timestamp_offset": 81.4704200000001,
    "duration": 3.0001999999999533
}