{
    "id": 270,
    "events": "[]",
    "timestamp_offset": 815.5805650000001,
    "duration": 3.0000599999999396
}