{
    "id": 271,
    "events": "[]",
    "timestamp_offset": 818.580625,
    "duration": 3.000275000000256
}