{
    "id": 272,
    "events": "[]",
    "timestamp_offset": 821.5809000000003,
    "duration": 3.0400749999999532
}