{
    "id": 277,
    "events": "[]",
    "timestamp_offset": 836.7399350000001,
    "duration": 3.0203900000001305
}