{
    "id": 279,
    "events": "[]",
    "timestamp_offset": 842.7645750000001,
    "duration": 3.0562500000001163
}