{
    "id": 28,
    "events": "[]",
    "timestamp_offset": 84.47062000000005,
    "duration": 3.0601000000001366
}