{
    "id": 29,
    "events": "[]",
    "timestamp_offset": 87.53072000000019,
    "duration": 3.0201099999999426
}