{
    "id": 291,
    "events": "[]",
    "timestamp_offset": 879.1211450000002,
    "duration": 3.0607050000003073
}