{
    "id": 292,
    "events": "[]",
    "timestamp_offset": 882.1818500000005,
    "duration": 3.0174949999999954
}