{
    "id": 293,
    "events": "[]",
    "timestamp_offset": 885.1993450000004,
    "duration": 3.0013649999996415
}