{
    "id": 294,
    "events": "[]",
    "timestamp_offset": 888.2007100000001,
    "duration": 3.0017250000000932
}