{
    "id": 295,
    "events": "[]",
    "timestamp_offset": 891.2024350000002,
    "duration": 3.0037750000001395
}