{
    "id": 296,
    "events": "[]",
    "timestamp_offset": 894.2062100000003,
    "duration": 3.0536149999997577
}