{
    "id": 297,
    "events": "[]",
    "timestamp_offset": 897.2598250000001,
    "duration": 3.041210000000312
}