{
    "id": 298,
    "events": "[]",
    "timestamp_offset": 900.3010350000004,
    "duration": 3.0402650000001303
}