{
    "id": 299,
    "events": "[]",
    "timestamp_offset": 903.3413000000005,
    "duration": 3.058999999999767
}