{
    "id": 30,
    "events": "[]",
    "timestamp_offset": 90.55083000000013,
    "duration": 3.0001200000001407
}