{
    "id": 300,
    "events": "[]",
    "timestamp_offset": 906.4003000000002,
    "duration": 3.0001350000002422
}