{
    "id": 301,
    "events": "[]",
    "timestamp_offset": 909.4004350000005,
    "duration": 3.000129999999888
}