{
    "id": 302,
    "events": "[]",
    "timestamp_offset": 912.4005650000004,
    "duration": 3.0000850000000794
}