{
    "id": 303,
    "events": "[]",
    "timestamp_offset": 915.4006500000005,
    "duration": 3.000129999999888
}