{
    "id": 305,
    "events": "[]",
    "timestamp_offset": 921.4008300000006,
    "duration": 3.000329999999842
}