{
    "id": 306,
    "events": "[]",
    "timestamp_offset": 924.4011600000005,
    "duration": 3.000129999999888
}