{
    "id": 307,
    "events": "[]",
    "timestamp_offset": 927.4012900000004,
    "duration": 3.0591100000001026
}