{
    "id": 31,
    "events": "[]",
    "timestamp_offset": 93.55095000000027,
    "duration": 3.0001750000001337
}