{
    "id": 310,
    "events": "[]",
    "timestamp_offset": 936.4605750000006,
    "duration": 3.0001349999997764
}