{
    "id": 311,
    "events": "[]",
    "timestamp_offset": 939.4607100000004,
    "duration": 3.000175000000163
}