{
    "id": 312,
    "events": "[]",
    "timestamp_offset": 942.4608850000005,
    "duration": 3.060019999999902
}