{
    "id": 316,
    "events": "[]",
    "timestamp_offset": 954.5803300000003,
    "duration": 3.0000100000001257
}