{
    "id": 317,
    "events": "[]",
    "timestamp_offset": 957.5803400000004,
    "duration": 3.000055000000051
}