{
    "id": 319,
    "events": "[]",
    "timestamp_offset": 963.6205350000006,
    "duration": 3.0003649999998743
}