{
    "id": 32,
    "events": "[]",
    "timestamp_offset": 96.55112500000041,
    "duration": 3.0191700000000274
}