{
    "id": 320,
    "events": "[]",
    "timestamp_offset": 966.6209000000005,
    "duration": 3.0599999999998837
}