{
    "id": 321,
    "events": "[]",
    "timestamp_offset": 969.6809000000003,
    "duration": 3.0000850000001957
}