{
    "id": 322,
    "events": "[]",
    "timestamp_offset": 972.6809850000005,
    "duration": 3.000119999999646
}