{
    "id": 323,
    "events": "[]",
    "timestamp_offset": 975.6811050000002,
    "duration": 3.059085000000312
}