{
    "id": 326,
    "events": "[]",
    "timestamp_offset": 984.7405600000003,
    "duration": 3.0000050000003537
}