{
    "id": 327,
    "events": "[]",
    "timestamp_offset": 987.7405650000006,
    "duration": 3.0001399999996647
}