{
    "id": 328,
    "events": "[]",
    "timestamp_offset": 990.7407050000003,
    "duration": 3.00024000000034
}