{
    "id": 33,
    "events": "[]",
    "timestamp_offset": 99.57029500000044,
    "duration": 3.0000699999995994
}