{
    "id": 34,
    "events": "[]",
    "timestamp_offset": 102.57036500000004,
    "duration": 3.019245000000403
}