{
    "id": 341,
    "events": "[]",
    "timestamp_offset": 1029.9604200000006,
    "duration": 2.9999649999999676
}