{
    "id": 342,
    "events": "[]",
    "timestamp_offset": 1032.9603850000005,
    "duration": 3.000245000000112
}