{
    "id": 343,
    "events": "[]",
    "timestamp_offset": 1035.9606300000007,
    "duration": 3.000059999999823
}