{
    "id": 344,
    "events": "[]",
    "timestamp_offset": 1038.9606900000006,
    "duration": 3.0002100000001954
}