{
    "id": 345,
    "events": "[]",
    "timestamp_offset": 1041.9609000000007,
    "duration": 3.0199399999997114
}