{
    "id": 346,
    "events": "[]",
    "timestamp_offset": 1044.9808400000004,
    "duration": 3.000260000000242
}