{
    "id": 347,
    "events": "[]",
    "timestamp_offset": 1047.9811000000007,
    "duration": 3.0291950000000654
}