{
    "id": 349,
    "events": "[]",
    "timestamp_offset": 1054.0104100000005,
    "duration": 3.0000449999999255
}