{
    "id": 35,
    "events": "[]",
    "timestamp_offset": 105.58961000000045,
    "duration": 3.000909999999756
}