{
    "id": 350,
    "events": "[]",
    "timestamp_offset": 1057.0104550000005,
    "duration": 3.00016500000027
}