{
    "id": 351,
    "events": "[]",
    "timestamp_offset": 1060.010620000001,
    "duration": 3.000119999999646
}