{
    "id": 352,
    "events": "[]",
    "timestamp_offset": 1063.0107400000006,
    "duration": 3.000095000000438
}