{
    "id": 353,
    "events": "[]",
    "timestamp_offset": 1066.010835000001,
    "duration": 3.00020999999973
}