{
    "id": 354,
    "events": "[]",
    "timestamp_offset": 1069.0110450000006,
    "duration": 3.0600800000000743
}