{
    "id": 355,
    "events": "[]",
    "timestamp_offset": 1072.0711250000006,
    "duration": 3.0589599999999626
}