{
    "id": 358,
    "events": "[]",
    "timestamp_offset": 1081.1904300000003,
    "duration": 3.0001500000003727
}