{
    "id": 36,
    "events": "[]",
    "timestamp_offset": 108.5905200000002,
    "duration": 3.0000700000000506
}