{
    "id": 362,
    "events": "[]",
    "timestamp_offset": 1093.1908550000007,
    "duration": 3.0002399999997578
}