{
    "id": 363,
    "events": "[]",
    "timestamp_offset": 1096.1910950000006,
    "duration": 3.0590150000003633
}