{
    "id": 365,
    "events": "[]",
    "timestamp_offset": 1102.2502800000007,
    "duration": 0.030450000000186266
}