{
    "id": 37,
    "events": "[]",
    "timestamp_offset": 111.59059000000025,
    "duration": 3.0001750000001195
}