{
    "id": 38,
    "events": "[]",
    "timestamp_offset": 114.59076500000037,
    "duration": 3.0601099999998986
}