{
    "id": 40,
    "events": "[]",
    "timestamp_offset": 120.65112000000045,
    "duration": 3.0590800000000162
}