{
    "id": 41,
    "events": "[]",
    "timestamp_offset": 123.71020000000047,
    "duration": 3.0001549999997077
}