{
    "id": 47,
    "events": "[]",
    "timestamp_offset": 141.71093000000022,
    "duration": 3.0601900000001185
}