{
    "id": 48,
    "events": "[]",
    "timestamp_offset": 144.77112000000034,
    "duration": 3.0589649999997346
}