{
    "id": 5,
    "events": "[]",
    "timestamp_offset": 15.060545000000275,
    "duration": 3.000019999999953
}