{
    "id": 51,
    "events": "[]",
    "timestamp_offset": 153.89049000000026,
    "duration": 3.000164999999921
}