{
    "id": 54,
    "events": "[]",
    "timestamp_offset": 162.9508100000003,
    "duration": 3.0358799999999175
}