{
    "id": 55,
    "events": "[]",
    "timestamp_offset": 165.9866900000002,
    "duration": 3.053800000000134
}