{
    "id": 56,
    "events": "[]",
    "timestamp_offset": 169.04049000000035,
    "duration": 3.059809999999736
}