{
    "id": 57,
    "events": "[]",
    "timestamp_offset": 172.1003000000001,
    "duration": 3.0599449999999777
}