{
    "id": 58,
    "events": "[]",
    "timestamp_offset": 175.16024500000006,
    "duration": 3.0001850000003176
}