{
    "id": 59,
    "events": "[]",
    "timestamp_offset": 178.1604300000004,
    "duration": 3.0002449999997336
}