{
    "id": 60,
    "events": "[]",
    "timestamp_offset": 181.1606750000001,
    "duration": 3.0200400000003285
}