{
    "id": 61,
    "events": "[]",
    "timestamp_offset": 184.18071500000045,
    "duration": 3.000099999999744
}