{
    "id": 62,
    "events": "[]",
    "timestamp_offset": 187.1808150000002,
    "duration": 3.0001750000001337
}