{
    "id": 63,
    "events": "[]",
    "timestamp_offset": 190.18099000000032,
    "duration": 3.000179999999993
}