{
    "id": 64,
    "events": "[]",
    "timestamp_offset": 193.18117000000032,
    "duration": 3.059020000000164
}