{
    "id": 65,
    "events": "[]",
    "timestamp_offset": 196.2401900000005,
    "duration": 3.0001949999995996
}