{
    "id": 66,
    "events": "[]",
    "timestamp_offset": 199.2403850000001,
    "duration": 3.000065000000177
}