{
    "id": 69,
    "events": "[]",
    "timestamp_offset": 208.24077500000024,
    "duration": 3.0001400000001013
}