{
    "id": 70,
    "events": "[]",
    "timestamp_offset": 211.24091500000034,
    "duration": 3.0000649999997404
}