{
    "id": 71,
    "events": "[]",
    "timestamp_offset": 214.2409800000001,
    "duration": 3.0600200000003386
}