{
    "id": 72,
    "events": "[]",
    "timestamp_offset": 217.30100000000044,
    "duration": 3.0591699999999835
}