{
    "id": 73,
    "events": "[]",
    "timestamp_offset": 220.36017000000044,
    "duration": 3.0600349999999743
}