{
    "id": 74,
    "events": "[]",
    "timestamp_offset": 223.4202050000004,
    "duration": 3.000154999999737
}