{
    "id": 75,
    "events": "[]",
    "timestamp_offset": 226.42036000000016,
    "duration": 3.0002250000002095
}