{
    "id": 76,
    "events": "[]",
    "timestamp_offset": 229.42058500000036,
    "duration": 3.0000350000000324
}