{
    "id": 77,
    "events": "[]",
    "timestamp_offset": 232.42062000000038,
    "duration": 3.00028999999995
}