{
    "id": 78,
    "events": "[]",
    "timestamp_offset": 235.42091000000033,
    "duration": 3.000039999999892
}