{
    "id": 79,
    "events": "[]",
    "timestamp_offset": 238.42095000000023,
    "duration": 3.000184999999881
}