{
    "id": 8,
    "events": "[]",
    "timestamp_offset": 24.1197500000003,
    "duration": 3.000144999999975
}