{
    "id": 80,
    "events": "[]",
    "timestamp_offset": 241.4211350000001,
    "duration": 3.0591349999999804
}