{
    "id": 83,
    "events": "[]",
    "timestamp_offset": 250.48044000000033,
    "duration": 3.0000249999998485
}