{
    "id": 84,
    "events": "[]",
    "timestamp_offset": 253.48046500000018,
    "duration": 3.0002100000001373
}