{
    "id": 85,
    "events": "[]",
    "timestamp_offset": 256.4806750000003,
    "duration": 3.000219999999914
}