{
    "id": 86,
    "events": "[]",
    "timestamp_offset": 259.4808950000002,
    "duration": 3.059970000000205
}