{
    "id": 87,
    "events": "[]",
    "timestamp_offset": 262.5408650000004,
    "duration": 3.0001149999998162
}