{
    "id": 9,
    "events": "[]",
    "timestamp_offset": 27.119895000000273,
    "duration": 3.0527550000001575
}