{
    "id": 90,
    "events": "[]",
    "timestamp_offset": 271.66345500000034,
    "duration": 3.056665000000037
}