{
    "id": 91,
    "events": "[]",
    "timestamp_offset": 274.72012000000035,
    "duration": 3.0001499999998487
}