{
    "id": 92,
    "events": "[]",
    "timestamp_offset": 277.7202700000002,
    "duration": 3.0003900000001886
}