{
    "id": 93,
    "events": "[]",
    "timestamp_offset": 280.7206600000004,
    "duration": 3.0001449999999603
}