{
    "id": 94,
    "events": "[]",
    "timestamp_offset": 283.7208050000004,
    "duration": 3.000154999999737
}