{
    "id": 95,
    "events": "[]",
    "timestamp_offset": 286.7209600000001,
    "duration": 3.001975000000093
}