{
    "id": 96,
    "events": "[]",
    "timestamp_offset": 289.7229350000002,
    "duration": 3.0572600000000674
}