{
    "id": 97,
    "events": "[]",
    "timestamp_offset": 292.7801950000002,
    "duration": 3.0389599999998462
}