{
    "id": 10,
    "events": "[]",
    "timestamp_offset": 30.258154999999533,
    "duration": 3.0000550000004296
}