{
    "id": 11,
    "events": "[]",
    "timestamp_offset": 33.25820999999996,
    "duration": 3.0000849999996717
}