{
    "id": 12,
    "events": "[]",
    "timestamp_offset": 36.258294999999634,
    "duration": 3.000210000001971
}