{
    "id": 136,
    "events": "[]",
    "timestamp_offset": 410.4077199999992,
    "duration": 3.0002750000021186
}