{
    "id": 137,
    "events": "[]",
    "timestamp_offset": 413.4079950000013,
    "duration": 3.000035000000964
}