{
    "id": 148,
    "events": "[]",
    "timestamp_offset": 446.5283400000007,
    "duration": 3.000059999998426
}