{
    "id": 149,
    "events": "[]",
    "timestamp_offset": 449.5283999999991,
    "duration": 3.0601150000002235
}