{
    "id": 155,
    "events": "[{\"name\":\"stdin\",\"data\":\"CBtbMzBtG1s0M203IHJvdXRlciAbWzlEGyhCG1tt\",\"target\":\"XTerm:1\",\"delta_time\":467.65495999999985}]",
    "timestamp_offset": 467.6480799999989,
    "duration": 3.0000750000035623
}