{
    "id": 156,
    "events": "[]",
    "timestamp_offset": 470.6481550000025,
    "duration": 3.058954999996815
}