{
    "id": 160,
    "events": "[]",
    "timestamp_offset": 482.7676250000004,
    "duration": 3.0001499999997905
}