{
    "id": 161,
    "events": "[]",
    "timestamp_offset": 485.7677750000002,
    "duration": 3.000244999999297
}