{
    "id": 162,
    "events": "[]",
    "timestamp_offset": 488.7680199999995,
    "duration": 3.0100100000017553
}