{
    "id": 163,
    "events": "[]",
    "timestamp_offset": 491.77803000000125,
    "duration": 3.0001999999985562
}