{
    "id": 164,
    "events": "[]",
    "timestamp_offset": 494.7782299999998,
    "duration": 3.030150000002352
}