{
    "id": 165,
    "events": "[]",
    "timestamp_offset": 497.80838000000216,
    "duration": 3.0201949999972713
}