{
    "id": 166,
    "events": "[]",
    "timestamp_offset": 500.82857499999943,
    "duration": 3.000370000001625
}