{
    "id": 167,
    "events": "[]",
    "timestamp_offset": 503.82894500000106,
    "duration": 3.0588349999998465
}