{
    "id": 168,
    "events": "[]",
    "timestamp_offset": 506.88778000000093,
    "duration": 3.0000199999994366
}