{
    "id": 169,
    "events": "[]",
    "timestamp_offset": 509.88780000000037,
    "duration": 3.0001699999993434
}