{
    "id": 170,
    "events": "[]",
    "timestamp_offset": 512.8879699999998,
    "duration": 3.0000949999995066
}