{
    "id": 171,
    "events": "[]",
    "timestamp_offset": 515.8880649999993,
    "duration": 3.000030000002822
}