{
    "id": 172,
    "events": "[]",
    "timestamp_offset": 518.8880950000021,
    "duration": 3.000324999997276
}