{
    "id": 173,
    "events": "[]",
    "timestamp_offset": 521.8884199999993,
    "duration": 3.059995000003255
}