{
    "id": 174,
    "events": "[]",
    "timestamp_offset": 524.9484150000026,
    "duration": 3.0001999999985562
}