{
    "id": 175,
    "events": "[]",
    "timestamp_offset": 527.9486150000012,
    "duration": 3.0591149999999905
}