{
    "id": 176,
    "events": "[]",
    "timestamp_offset": 531.0077300000012,
    "duration": 3.0001599999996835
}