{
    "id": 177,
    "events": "[]",
    "timestamp_offset": 534.0078900000009,
    "duration": 3.000169999999227
}