{
    "id": 178,
    "events": "[]",
    "timestamp_offset": 537.0080600000001,
    "duration": 3.000100000001141
}