{
    "id": 182,
    "events": "[]",
    "timestamp_offset": 549.008389999999,
    "duration": 3.000160000003176
}