{
    "id": 185,
    "events": "[]",
    "timestamp_offset": 558.1278650000021,
    "duration": 3.000065000000177
}