{
    "id": 186,
    "events": "[]",
    "timestamp_offset": 561.1279300000023,
    "duration": 3.000079999997979
}