{
    "id": 187,
    "events": "[]",
    "timestamp_offset": 564.1280100000002,
    "duration": 3.0000849999996135
}