{
    "id": 188,
    "events": "[]",
    "timestamp_offset": 567.1280949999998,
    "duration": 3.0002400000012712
}