{
    "id": 189,
    "events": "[]",
    "timestamp_offset": 570.1283350000011,
    "duration": 2.9999900000002233
}