{
    "id": 190,
    "events": "[]",
    "timestamp_offset": 573.1283250000014,
    "duration": 3.00026499999885
}