{
    "id": 191,
    "events": "[]",
    "timestamp_offset": 576.1285900000003,
    "duration": 3.0000949999993898
}