{
    "id": 192,
    "events": "[]",
    "timestamp_offset": 579.1286849999997,
    "duration": 3.059124999999767
}