{
    "id": 197,
    "events": "[]",
    "timestamp_offset": 594.2182449999999,
    "duration": 3.0002549999990733
}