{
    "id": 198,
    "events": "[]",
    "timestamp_offset": 597.218499999999,
    "duration": 3.060120000001858
}