{
    "id": 199,
    "events": "[]",
    "timestamp_offset": 600.2786200000008,
    "duration": 3.059969999998459
}