{
    "id": 200,
    "events": "[]",
    "timestamp_offset": 603.3385899999993,
    "duration": 3.057990000001155
}