{
    "id": 201,
    "events": "[]",
    "timestamp_offset": 606.3965800000004,
    "duration": 3.000260000000708
}