{
    "id": 202,
    "events": "[]",
    "timestamp_offset": 609.3968400000011,
    "duration": 3.001150000000023
}