{
    "id": 205,
    "events": "[]",
    "timestamp_offset": 618.3983599999991,
    "duration": 3.0001400000001306
}