{
    "id": 206,
    "events": "[]",
    "timestamp_offset": 621.3984999999992,
    "duration": 3.060065000001574
}