{
    "id": 207,
    "events": "[]",
    "timestamp_offset": 624.4585650000008,
    "duration": 3.0001599999995667
}