{
    "id": 208,
    "events": "[]",
    "timestamp_offset": 627.4587250000004,
    "duration": 3.0590650000012247
}