{
    "id": 215,
    "events": "[{\"name\":\"stdin\",\"data\":\"Yw==\",\"target\":\"XTerm:1\",\"delta_time\":651.4319300000025},{\"name\":\"stdin\",\"data\":\"ZA==\",\"target\":\"XTerm:1\",\"delta_time\":651.4500900000021}]",
    "timestamp_offset": 648.5785649999999,
    "duration": 3.0001450000017647
}