{
    "id": 218,
    "events": "[]",
    "timestamp_offset": 657.6778400000004,
    "duration": 3.000254999998957
}