{
    "id": 219,
    "events": "[]",
    "timestamp_offset": 660.6780949999993,
    "duration": 3.0000300000029383
}