{
    "id": 220,
    "events": "[]",
    "timestamp_offset": 663.6781250000023,
    "duration": 3.000044999997015
}