{
    "id": 221,
    "events": "[]",
    "timestamp_offset": 666.6781699999993,
    "duration": 3.0602500000023283
}