{
    "id": 222,
    "events": "[]",
    "timestamp_offset": 669.7384200000017,
    "duration": 3.0603899999987334
}