{
    "id": 223,
    "events": "[]",
    "timestamp_offset": 672.7988100000005,
    "duration": 2.9999100000022443
}