{
    "id": 224,
    "events": "[]",
    "timestamp_offset": 675.7987200000027,
    "duration": 3.059084999997169
}