{
    "id": 225,
    "events": "[]",
    "timestamp_offset": 678.8578049999999,
    "duration": 3.0000550000004003
}