{
    "id": 226,
    "events": "[]",
    "timestamp_offset": 681.8578600000003,
    "duration": 3.000240000001155
}