{
    "id": 227,
    "events": "[]",
    "timestamp_offset": 684.8581000000014,
    "duration": 3.060010000001057
}