{
    "id": 228,
    "events": "[]",
    "timestamp_offset": 687.9181100000025,
    "duration": 3.0004300000000512
}