{
    "id": 30,
    "events": "[]",
    "timestamp_offset": 90.38867500000197,
    "duration": 3.059109999998327
}