{
    "id": 301,
    "events": "[]",
    "timestamp_offset": 907.9880250000025,
    "duration": 3.0002349999995204
}