{
    "id": 302,
    "events": "[]",
    "timestamp_offset": 910.988260000002,
    "duration": 3.000079999997979
}