{
    "id": 303,
    "events": "[]",
    "timestamp_offset": 913.98834,
    "duration": 3.0000950000031152
}