{
    "id": 304,
    "events": "[]",
    "timestamp_offset": 916.9884350000032,
    "duration": 3.0002149999999674
}