{
    "id": 31,
    "events": "[]",
    "timestamp_offset": 93.4477850000003,
    "duration": 2.9999950000019453
}