{
    "id": 318,
    "events": "[]",
    "timestamp_offset": 959.2581549999998,
    "duration": 3.000130000000354
}