{
    "id": 320,
    "events": "[]",
    "timestamp_offset": 965.258579999998,
    "duration": 3.0000950000031152
}