{
    "id": 328,
    "events": "[]",
    "timestamp_offset": 989.3985250000006,
    "duration": 3.00008499999973
}