{
    "id": 329,
    "events": "[]",
    "timestamp_offset": 992.3986100000004,
    "duration": 3.05924999999837
}