{
    "id": 330,
    "events": "[]",
    "timestamp_offset": 995.4578599999987,
    "duration": 3.000035000004573
}