{
    "id": 331,
    "events": "[]",
    "timestamp_offset": 998.4578950000033,
    "duration": 3.000094999995781
}