{
    "id": 335,
    "events": "[]",
    "timestamp_offset": 1010.4583949999981,
    "duration": 3.060069999999367
}