{
    "id": 336,
    "events": "[]",
    "timestamp_offset": 1013.5184649999974,
    "duration": 3.0001200000043027
}