{
    "id": 337,
    "events": "[]",
    "timestamp_offset": 1016.5185850000017,
    "duration": 3.059220000002766
}