{
    "id": 338,
    "events": "[]",
    "timestamp_offset": 1019.5778050000044,
    "duration": 3.000139999996638
}