{
    "id": 339,
    "events": "[]",
    "timestamp_offset": 1022.5779450000011,
    "duration": 3.000030000002822
}