{
    "id": 34,
    "events": "[]",
    "timestamp_offset": 102.50811000000249,
    "duration": 3.0000549999967916
}