{
    "id": 343,
    "events": "[]",
    "timestamp_offset": 1034.5783049999993,
    "duration": 3.000209999998333
}