{
    "id": 352,
    "events": "[]",
    "timestamp_offset": 1061.7985300000043,
    "duration": 3.000184999997029
}