{
    "id": 353,
    "events": "[]",
    "timestamp_offset": 1064.7987150000013,
    "duration": 3.0289499999999534
}