{
    "id": 36,
    "events": "[]",
    "timestamp_offset": 108.50830000000133,
    "duration": 3.0001349999984086
}