{
    "id": 367,
    "events": "[]",
    "timestamp_offset": 1106.9482200000025,
    "duration": 3.000130000000354
}