{
    "id": 368,
    "events": "[]",
    "timestamp_offset": 1109.9483500000028,
    "duration": 3.000164999997709
}