{
    "id": 369,
    "events": "[]",
    "timestamp_offset": 1112.9485150000005,
    "duration": 3.000110000000801
}