{
    "id": 37,
    "events": "[]",
    "timestamp_offset": 111.50843499999974,
    "duration": 3.000240000001213
}