{
    "id": 370,
    "events": "[]",
    "timestamp_offset": 1115.9486250000014,
    "duration": 3.0593099999967963
}