{
    "id": 38,
    "events": "[]",
    "timestamp_offset": 114.50867500000095,
    "duration": 3.059000000001106
}