{
    "id": 39,
    "events": "[]",
    "timestamp_offset": 117.56767500000205,
    "duration": 3.000189999998838
}