{
    "id": 40,
    "events": "[]",
    "timestamp_offset": 120.5678650000009,
    "duration": 3.000130000000354
}