{
    "id": 401,
    "events": "[]",
    "timestamp_offset": 1209.538604999998,
    "duration": 3.000030000002822
}