{
    "id": 402,
    "events": "[]",
    "timestamp_offset": 1212.5386350000008,
    "duration": 3.059085000000894
}