{
    "id": 41,
    "events": "[]",
    "timestamp_offset": 123.56799500000125,
    "duration": 3.0001249999986612
}