{
    "id": 410,
    "events": "[]",
    "timestamp_offset": 1236.7486000000026,
    "duration": 3.059224999997299
}