{
    "id": 414,
    "events": "[]",
    "timestamp_offset": 1248.8680550000029,
    "duration": 3.000159999995958
}