{
    "id": 415,
    "events": "[]",
    "timestamp_offset": 1251.8682149999988,
    "duration": 3.000045000000624
}