{
    "id": 419,
    "events": "[]",
    "timestamp_offset": 1264.0477550000032,
    "duration": 3.000199999995064
}