{
    "id": 42,
    "events": "[]",
    "timestamp_offset": 126.56811999999991,
    "duration": 3.000125000002299
}