{
    "id": 420,
    "events": "[]",
    "timestamp_offset": 1267.0479549999984,
    "duration": 3.0001000000047497
}