{
    "id": 43,
    "events": "[]",
    "timestamp_offset": 129.5682450000022,
    "duration": 3.0000399999989895
}