{
    "id": 435,
    "events": "[]",
    "timestamp_offset": 1312.2477949999993,
    "duration": 3.060190000003902
}