{
    "id": 44,
    "events": "[]",
    "timestamp_offset": 132.5682850000012,
    "duration": 3.0003150000011374
}