{
    "id": 45,
    "events": "[]",
    "timestamp_offset": 135.56860000000233,
    "duration": 3.0599549999969895
}