{
    "id": 475,
    "events": "[]",
    "timestamp_offset": 1432.8287450000023,
    "duration": 3.059085000000894
}