{
    "id": 5,
    "events": "[]",
    "timestamp_offset": 15.197410000000673,
    "duration": 3.0601500000011583
}