{
    "id": 53,
    "events": "[{\"name\":\"stdin\",\"data\":\"CA==\",\"target\":\"XTerm:1\",\"delta_time\":160.27066000000195}]",
    "timestamp_offset": 159.80843000000095,
    "duration": 3.000319999999192
}