{
    "id": 539,
    "events": "[]",
    "timestamp_offset": 1625.968555000003,
    "duration": 3.0602849999994506
}