{
    "id": 54,
    "events": "[]",
    "timestamp_offset": 162.80875000000015,
    "duration": 3.058984999999666
}