{
    "id": 55,
    "events": "[]",
    "timestamp_offset": 165.8677349999998,
    "duration": 3.000400000000809
}