{
    "id": 56,
    "events": "[]",
    "timestamp_offset": 168.86813500000062,
    "duration": 3.0597799999995914
}