{
    "id": 563,
    "events": "[]",
    "timestamp_offset": 1698.3784649999982,
    "duration": 3.0001050000065006
}