{
    "id": 568,
    "events": "[]",
    "timestamp_offset": 1713.4381200000023,
    "duration": 3.000224999996135
}