{
    "id": 569,
    "events": "[]",
    "timestamp_offset": 1716.4383449999984,
    "duration": 3.058820000005653
}