{
    "id": 570,
    "events": "[]",
    "timestamp_offset": 1719.497165000004,
    "duration": 3.001544999999227
}