{
    "id": 586,
    "events": "[]",
    "timestamp_offset": 1767.808525000004,
    "duration": 3.000144999998156
}