{
    "id": 589,
    "events": "[]",
    "timestamp_offset": 1776.9276849999985,
    "duration": 3.0000800000054295
}