{
    "id": 590,
    "events": "[]",
    "timestamp_offset": 1779.927765000004,
    "duration": 3.0590349999982864
}