{
    "id": 591,
    "events": "[]",
    "timestamp_offset": 1782.9868000000022,
    "duration": 3.000099999997532
}