{
    "id": 592,
    "events": "[]",
    "timestamp_offset": 1785.9868999999997,
    "duration": 3.001374999999767
}