{
    "id": 593,
    "events": "[]",
    "timestamp_offset": 1788.9882749999995,
    "duration": 3.000144999998156
}