{
    "id": 594,
    "events": "[]",
    "timestamp_offset": 1791.9884199999976,
    "duration": 3.000095000002999
}