{
    "id": 595,
    "events": "[]",
    "timestamp_offset": 1794.9885150000007,
    "duration": 3.0002250000035855
}