{
    "id": 6,
    "events": "[]",
    "timestamp_offset": 18.25756000000183,
    "duration": 3.0000899999977264
}