{
    "id": 605,
    "events": "[]",
    "timestamp_offset": 1825.107684999999,
    "duration": 3.000214999999851
}