{
    "id": 606,
    "events": "[]",
    "timestamp_offset": 1828.1078999999988,
    "duration": 3.000050000002375
}