{
    "id": 607,
    "events": "[]",
    "timestamp_offset": 1831.1079500000012,
    "duration": 3.0002349999996367
}