{
    "id": 610,
    "events": "[]",
    "timestamp_offset": 1840.1083299999991,
    "duration": 3.0001350000021048
}