{
    "id": 621,
    "events": "[]",
    "timestamp_offset": 1873.257634999998,
    "duration": 3.0002650000024587
}