{
    "id": 622,
    "events": "[]",
    "timestamp_offset": 1876.2579000000003,
    "duration": 3.000175000000978
}