{
    "id": 623,
    "events": "[]",
    "timestamp_offset": 1879.2580750000013,
    "duration": 3.000030000002822
}