{
    "id": 626,
    "events": "[]",
    "timestamp_offset": 1888.35829,
    "duration": 3.0002400000013876
}