{
    "id": 643,
    "events": "[]",
    "timestamp_offset": 1939.5484099999994,
    "duration": 3.0000550000041257
}