{
    "id": 644,
    "events": "[]",
    "timestamp_offset": 1942.5484650000035,
    "duration": 3.000219999994384
}