{
    "id": 645,
    "events": "[]",
    "timestamp_offset": 1945.548684999998,
    "duration": 3.059250000005588
}