{
    "id": 646,
    "events": "[]",
    "timestamp_offset": 1948.6079350000034,
    "duration": 3.000009999996284
}