{
    "id": 647,
    "events": "[]",
    "timestamp_offset": 1951.6079449999997,
    "duration": 3.000185000004247
}