{
    "id": 653,
    "events": "[]",
    "timestamp_offset": 1969.7886650000034,
    "duration": 3.0592249999970664
}