{
    "id": 654,
    "events": "[]",
    "timestamp_offset": 1972.8478900000005,
    "duration": 3.000130000000354
}