{
    "id": 655,
    "events": "[]",
    "timestamp_offset": 1975.8480200000008,
    "duration": 3.058844999999739
}