{
    "id": 656,
    "events": "[]",
    "timestamp_offset": 1978.9068650000006,
    "duration": 3.0003750000032596
}