{
    "id": 66,
    "events": "[{\"name\":\"stdin\",\"data\":\"aw==\",\"target\":\"XTerm:1\",\"delta_time\":201.64739499999996}]",
    "timestamp_offset": 199.05803000000014,
    "duration": 3.0002150000000256
}