{
    "id": 660,
    "events": "[]",
    "timestamp_offset": 1990.968559999997,
    "duration": 3.000195000000531
}