{
    "id": 67,
    "events": "[{\"name\":\"stdin\",\"data\":\"CBtbSw==\",\"target\":\"XTerm:1\",\"delta_time\":202.12843500000236},{\"name\":\"stdin\",\"data\":\"Bw==\",\"target\":\"XTerm:1\",\"delta_time\":202.28001000000222}]",
    "timestamp_offset": 202.05824500000017,
    "duration": 3.0002050000002782
}