{
    "id": 684,
    "events": "[]",
    "timestamp_offset": 2063.3484750000025,
    "duration": 3.000175000000745
}