{
    "id": 685,
    "events": "[]",
    "timestamp_offset": 2066.348650000003,
    "duration": 3.059044999994803
}