{
    "id": 686,
    "events": "[]",
    "timestamp_offset": 2069.407694999998,
    "duration": 3.000185000004247
}