{
    "id": 687,
    "events": "[]",
    "timestamp_offset": 2072.4078800000025,
    "duration": 3.0000450000008567
}