{
    "id": 688,
    "events": "[]",
    "timestamp_offset": 2075.407925000003,
    "duration": 3.000119999996852
}