{
    "id": 689,
    "events": "[]",
    "timestamp_offset": 2078.408045,
    "duration": 3.000144999998156
}