{
    "id": 69,
    "events": "[]",
    "timestamp_offset": 208.05853500000012,
    "duration": 3.0600149999991118
}