{
    "id": 690,
    "events": "[]",
    "timestamp_offset": 2081.4081899999983,
    "duration": 3.0001000000047497
}