{
    "id": 691,
    "events": "[]",
    "timestamp_offset": 2084.408290000003,
    "duration": 3.0001149999951013
}