{
    "id": 692,
    "events": "[]",
    "timestamp_offset": 2087.4084049999983,
    "duration": 3.0002100000055507
}