{
    "id": 695,
    "events": "[]",
    "timestamp_offset": 2096.467975000003,
    "duration": 3.0599499999955295
}