{
    "id": 696,
    "events": "[]",
    "timestamp_offset": 2099.527924999999,
    "duration": 3.0001699999989944
}