{
    "id": 697,
    "events": "[]",
    "timestamp_offset": 2102.528094999998,
    "duration": 3.0000700000021605
}