{
    "id": 698,
    "events": "[]",
    "timestamp_offset": 2105.528165,
    "duration": 3.000220000001602
}