{
    "id": 7,
    "events": "[]",
    "timestamp_offset": 21.257649999999558,
    "duration": 3.000335000000632
}