{
    "id": 701,
    "events": "[]",
    "timestamp_offset": 2114.528625000003,
    "duration": 3.0591099999947473
}