{
    "id": 702,
    "events": "[]",
    "timestamp_offset": 2117.587734999998,
    "duration": 3.0001350000021048
}