{
    "id": 703,
    "events": "[]",
    "timestamp_offset": 2120.58787,
    "duration": 3.000084999999497
}