{
    "id": 704,
    "events": "[]",
    "timestamp_offset": 2123.5879549999995,
    "duration": 3.0002950000055133
}