{
    "id": 716,
    "events": "[]",
    "timestamp_offset": 2159.848545000005,
    "duration": 3.0400799999986776
}