{
    "id": 724,
    "events": "[]",
    "timestamp_offset": 2184.1484700000046,
    "duration": 3.000084999999497
}