{
    "id": 727,
    "events": "[]",
    "timestamp_offset": 2193.2078799999995,
    "duration": 3.000005000001751
}