{
    "id": 728,
    "events": "[]",
    "timestamp_offset": 2196.207885000001,
    "duration": 3.000149999999441
}