{
    "id": 729,
    "events": "[]",
    "timestamp_offset": 2199.2080350000006,
    "duration": 3.0003100000033154
}