{
    "id": 730,
    "events": "[]",
    "timestamp_offset": 2202.208345000004,
    "duration": 3.0599099999964237
}