{
    "id": 731,
    "events": "[]",
    "timestamp_offset": 2205.2682550000004,
    "duration": 3.000195000000298
}