{
    "id": 732,
    "events": "[]",
    "timestamp_offset": 2208.2684500000005,
    "duration": 3.000025000001304
}