{
    "id": 733,
    "events": "[]",
    "timestamp_offset": 2211.2684750000017,
    "duration": 3.000225000003353
}