{
    "id": 734,
    "events": "[]",
    "timestamp_offset": 2214.268700000005,
    "duration": 3.0591999999959953
}