{
    "id": 735,
    "events": "[]",
    "timestamp_offset": 2217.327900000001,
    "duration": 3.0000700000021605
}