{
    "id": 736,
    "events": "[]",
    "timestamp_offset": 2220.3279700000035,
    "duration": 3.000084999999497
}