{
    "id": 742,
    "events": "[]",
    "timestamp_offset": 2238.5087000000035,
    "duration": 3.059079999999143
}