{
    "id": 743,
    "events": "[]",
    "timestamp_offset": 2241.5677800000026,
    "duration": 3.0589400000022726
}