{
    "id": 744,
    "events": "[]",
    "timestamp_offset": 2244.6267200000048,
    "duration": 3.0013449999969453
}