{
    "id": 745,
    "events": "[]",
    "timestamp_offset": 2247.6280650000017,
    "duration": 3.0001800000029615
}