{
    "id": 746,
    "events": "[]",
    "timestamp_offset": 2250.628245000005,
    "duration": 3.000179999995511
}