{
    "id": 747,
    "events": "[]",
    "timestamp_offset": 2253.6284250000003,
    "duration": 3.0599350000047125
}