{
    "id": 748,
    "events": "[]",
    "timestamp_offset": 2256.688360000005,
    "duration": 3.0001699999994598
}