{
    "id": 749,
    "events": "[]",
    "timestamp_offset": 2259.6885300000044,
    "duration": 3.000154999994207
}