{
    "id": 750,
    "events": "[]",
    "timestamp_offset": 2262.6886849999987,
    "duration": 3.059015000006184
}