{
    "id": 751,
    "events": "[]",
    "timestamp_offset": 2265.747700000005,
    "duration": 3.000144999998156
}