{
    "id": 755,
    "events": "[]",
    "timestamp_offset": 2277.7484999999992,
    "duration": 3.0599550000042655
}