{
    "id": 756,
    "events": "[]",
    "timestamp_offset": 2280.8084550000035,
    "duration": 3.000164999997709
}