{
    "id": 757,
    "events": "[]",
    "timestamp_offset": 2283.808620000001,
    "duration": 3.0601299999980256
}