{
    "id": 758,
    "events": "[]",
    "timestamp_offset": 2286.868749999999,
    "duration": 3.0590400000000373
}