{
    "id": 759,
    "events": "[]",
    "timestamp_offset": 2289.9277899999993,
    "duration": 3.000019999999553
}