{
    "id": 762,
    "events": "[]",
    "timestamp_offset": 2298.928165000002,
    "duration": 3.000195000000298
}