{
    "id": 763,
    "events": "[]",
    "timestamp_offset": 2301.928360000002,
    "duration": 3.0000300000030546
}