{
    "id": 764,
    "events": "[]",
    "timestamp_offset": 2304.928390000005,
    "duration": 3.000204999996815
}