{
    "id": 765,
    "events": "[]",
    "timestamp_offset": 2307.9285950000017,
    "duration": 3.0301049999976533
}