{
    "id": 766,
    "events": "[]",
    "timestamp_offset": 2310.958699999999,
    "duration": 3.0591649999991057
}