{
    "id": 767,
    "events": "[]",
    "timestamp_offset": 2314.0178649999984,
    "duration": 3.0001200000043027
}