{
    "id": 769,
    "events": "[]",
    "timestamp_offset": 2320.018065,
    "duration": 3.000260000000708
}