{
    "id": 770,
    "events": "[]",
    "timestamp_offset": 2323.018325000001,
    "duration": 3.0599999999976717
}