{
    "id": 774,
    "events": "[]",
    "timestamp_offset": 2335.0786150000026,
    "duration": 3.059325000002049
}