{
    "id": 779,
    "events": "[]",
    "timestamp_offset": 2350.1982549999993,
    "duration": 3.0000700000021605
}