{
    "id": 780,
    "events": "[]",
    "timestamp_offset": 2353.1983250000017,
    "duration": 3.000260000000708
}