{
    "id": 781,
    "events": "[]",
    "timestamp_offset": 2356.1985850000024,
    "duration": 2.999985000002198
}