{
    "id": 782,
    "events": "[]",
    "timestamp_offset": 2359.1985700000046,
    "duration": 3.0591949999942445
}