{
    "id": 783,
    "events": "[]",
    "timestamp_offset": 2362.257764999999,
    "duration": 3.0001450000056065
}