{
    "id": 786,
    "events": "[]",
    "timestamp_offset": 2371.2980900000002,
    "duration": 3.000124999998603
}