{
    "id": 787,
    "events": "[]",
    "timestamp_offset": 2374.298214999999,
    "duration": 3.0000800000056627
}