{
    "id": 788,
    "events": "[]",
    "timestamp_offset": 2377.2982950000046,
    "duration": 3.000130000000354
}