{
    "id": 791,
    "events": "[]",
    "timestamp_offset": 2386.357769999999,
    "duration": 3.000165000004694
}