{
    "id": 792,
    "events": "[]",
    "timestamp_offset": 2389.3579350000036,
    "duration": 3.000054999996908
}