{
    "id": 793,
    "events": "[]",
    "timestamp_offset": 2392.3579900000004,
    "duration": 3.0001899999990127
}