{
    "id": 794,
    "events": "[]",
    "timestamp_offset": 2395.3581799999993,
    "duration": 3.000120000003837
}