{
    "id": 796,
    "events": "[]",
    "timestamp_offset": 2401.358300000003,
    "duration": 0.42484999999590217
}