{
    "id": 8,
    "events": "[]",
    "timestamp_offset": 24.25798500000019,
    "duration": 3.0000600000021223
}