{
    "id": 9,
    "events": "[]",
    "timestamp_offset": 27.258045000002312,
    "duration": 3.000109999997221
}